{
  "ratio": "9_1_1",
  "set": "set_6",
  "metrics": {
    "accuracy": 0.8332001065814015,
    "precision": 0.8802791691435452,
    "recall": 0.8330517648671915,
    "f1": 0.8368417021614464,
    "mcc": 0.7703238884212087,
    "specificity": 0.9165579782521412,
    "auc": 0.9829111361698794,
    "auprc": 0.9660073509322809,
    "top_k_acc": 0.9957609669839885,
    "balanced_acc": 0.8330517648671915
  },
  "confusion_matrix": [
    [
      13460,
      149,
      167
    ],
    [
      2404,
      11367,
      5
    ],
    [
      4147,
      14,
      9570
    ]
  ]
}