{
  "ratio": "9_1_1",
  "set": "set_6",
  "metrics": {
    "accuracy": 0.9421058045465822,
    "precision": 0.8996939333797158,
    "recall": 0.8334437509299092,
    "f1": 0.8634983186493445,
    "mcc": 0.7921009062002424,
    "specificity": 0.9139767843075313,
    "auc": 0.9788348458898741,
    "auprc": 0.9263654127116004,
    "top_k_acc": 0.9989411074201141,
    "balanced_acc": 0.8334437509299092
  },
  "confusion_matrix": [
    [
      134762,
      1326,
      1672
    ],
    [
      2404,
      11367,
      5
    ],
    [
      4147,
      14,
      9570
    ]
  ]
}