{
  "ratio": "9_1_1",
  "set": "set_6",
  "metrics": {
    "accuracy": 0.8694672987159229,
    "precision": 0.914892606578699,
    "recall": 0.8332332398962273,
    "f1": 0.8619475286679622,
    "mcc": 0.7950036937646112,
    "specificity": 0.9154818501882261,
    "auc": 0.9813101185035312,
    "auprc": 0.9663859790358988,
    "top_k_acc": 0.9968215913837883,
    "balanced_acc": 0.8332332398962273
  },
  "confusion_matrix": [
    [
      26935,
      282,
      335
    ],
    [
      2404,
      11367,
      5
    ],
    [
      4147,
      14,
      9570
    ]
  ]
}