{
  "ratio": "9_1_1",
  "set": "set_6",
  "metrics": {
    "accuracy": 0.972692156078631,
    "precision": 0.5974334022985106,
    "recall": 0.8330055677783879,
    "f1": 0.6773576864888115,
    "mcc": 0.5414491457162853,
    "specificity": 0.9129934169203647,
    "auc": 0.9776375211549957,
    "auprc": 0.7506378604175038,
    "top_k_acc": 0.9998702647525728,
    "balanced_acc": 0.8330055677783879
  },
  "confusion_matrix": [
    [
      1343611,
      14236,
      17503
    ],
    [
      2404,
      11367,
      5
    ],
    [
      4147,
      14,
      9570
    ]
  ]
}