{
  "ratio": "9_1_1",
  "set": "set_6",
  "metrics": {
    "accuracy": 0.9059810436866761,
    "precision": 0.926827876226246,
    "recall": 0.8334570590987052,
    "f1": 0.8721262449191842,
    "mcc": 0.8067427537384161,
    "specificity": 0.914727760599919,
    "auc": 0.9800694893151988,
    "auprc": 0.9566482631867291,
    "top_k_acc": 0.9978816380385179,
    "balanced_acc": 0.8334570590987052
  },
  "confusion_matrix": [
    [
      53907,
      541,
      656
    ],
    [
      2404,
      11367,
      5
    ],
    [
      4147,
      14,
      9570
    ]
  ]
}