{
  "best_metrics": {
    "accuracy": 0.946589591895106,
    "precision": 0.9062692933934126,
    "recall": 0.8676431546533814,
    "specificity": 0.9309715277858975,
    "f1": 0.8859970121672404,
    "mcc": 0.8240485646690799,
    "auc": 0.9828099623678743,
    "balanced_acc": 0.8676431546533814
  },
  "training_history": {
    "train_loss": [
      0.1779912038186432,
      0.158820604338203,
      0.15517116355438104,
      0.15307320571311783,
      0.15122662949317414,
      0.15026731238374005,
      0.149554175171588,
      0.14897688281867533,
      0.14839804253058905,
      0.14800260605061866,
      0.14738306423946373,
      0.14747047174568334,
      0.14722744992640857,
      0.14682477240437114,
      0.14654040047512956,
      0.14649006723554023,
      0.14642863652528357,
      0.1461622389584391,
      0.1462852158834338
    ],
    "val_loss": [
      0.1593354548933968,
      0.15354616596823817,
      0.15175948297778194,
      0.1504244149478058,
      0.14911945493725476,
      0.1503318711252639,
      0.14831885627728647,
      0.14837433060755903,
      0.1484504096472865,
      0.14837149766170935,
      0.14803953130888298,
      0.1469857550689138,
      0.14736425746797643,
      0.14851647775258678,
      0.14782917167500575,
      0.1473342947443504,
      0.14879044590005752,
      0.14809152072512638,
      0.14723497467380672
    ]
  }
}