{
  "ratio": "4_1_1",
  "set": "set_7",
  "metrics": {
    "accuracy": 0.8802654845820314,
    "precision": 0.9002200840592858,
    "recall": 0.8801730282393807,
    "f1": 0.8825002088706779,
    "mcc": 0.8283480396481718,
    "specificity": 0.9401066073794668,
    "auc": 0.9836398131089847,
    "auprc": 0.9673740714400098,
    "top_k_acc": 0.996148535716881,
    "balanced_acc": 0.8801730282393807
  },
  "confusion_matrix": [
    [
      13198,
      260,
      318
    ],
    [
      1544,
      12221,
      11
    ],
    [
      2776,
      34,
      10921
    ]
  ]
}