{
  "ratio": "4_1_1",
  "set": "set_7",
  "metrics": {
    "accuracy": 0.9389412284364089,
    "precision": 0.8559807023023795,
    "recall": 0.8803036902602867,
    "f1": 0.8677351672729529,
    "mcc": 0.7952368020368108,
    "specificity": 0.9349535788682356,
    "auc": 0.9795166537253563,
    "auprc": 0.9271165136996058,
    "top_k_acc": 0.9990016155675362,
    "balanced_acc": 0.8803036902602867
  },
  "confusion_matrix": [
    [
      132034,
      2502,
      3224
    ],
    [
      1544,
      12221,
      11
    ],
    [
      2776,
      34,
      10921
    ]
  ]
}