{
  "ratio": "4_1_1",
  "set": "set_7",
  "metrics": {
    "accuracy": 0.9545363497491192,
    "precision": 0.5207810928090763,
    "recall": 0.8797589752564782,
    "f1": 0.6073658282047033,
    "mcc": 0.4745249998881279,
    "specificity": 0.9333817622593535,
    "auc": 0.9783817340392139,
    "auprc": 0.749931206622492,
    "top_k_acc": 0.9998053971288592,
    "balanced_acc": 0.8797589752564782
  },
  "confusion_matrix": [
    [
      1315936,
      26041,
      33373
    ],
    [
      1544,
      12221,
      11
    ],
    [
      2776,
      34,
      10921
    ]
  ]
}