{
  "ratio": "4_1_1",
  "set": "set_7",
  "metrics": {
    "accuracy": 0.8993806643782125,
    "precision": 0.9194838410406065,
    "recall": 0.8799431598692684,
    "f1": 0.8963118699894373,
    "mcc": 0.8390131207671392,
    "specificity": 0.937804804018073,
    "auc": 0.9818612730147636,
    "auprc": 0.9671829044433834,
    "top_k_acc": 0.9971121887429848,
    "balanced_acc": 0.8799431598692684
  },
  "confusion_matrix": [
    [
      26377,
      524,
      651
    ],
    [
      1544,
      12221,
      11
    ],
    [
      2776,
      34,
      10921
    ]
  ]
}