{
  "ratio": "4_1_1",
  "set": "set_7",
  "metrics": {
    "accuracy": 0.9194538257617024,
    "precision": 0.9133517542482478,
    "recall": 0.880312159094975,
    "f1": 0.8956518846890015,
    "mcc": 0.8358494274933225,
    "specificity": 0.9363513710184327,
    "auc": 0.9806137175905897,
    "auprc": 0.9572962269834862,
    "top_k_acc": 0.9980632119209306,
    "balanced_acc": 0.880312159094975
  },
  "confusion_matrix": [
    [
      52815,
      1013,
      1276
    ],
    [
      1544,
      12221,
      11
    ],
    [
      2776,
      34,
      10921
    ]
  ]
}