{
  "best_metrics": {
    "accuracy": 0.927796819429856,
    "precision": 0.9152718712704454,
    "recall": 0.8992250850175815,
    "specificity": 0.9455901493870189,
    "f1": 0.9070151874067071,
    "mcc": 0.8528103429926018,
    "auc": 0.9837937496417144,
    "balanced_acc": 0.8992250850175815
  },
  "training_history": {
    "train_loss": [
      0.23643016888510698,
      0.20678653831662203,
      0.19882042171604566,
      0.19400156711377836,
      0.1900966861667883,
      0.18698276743692918,
      0.18426015605549534,
      0.1818462385607734,
      0.1795187658877009,
      0.17727178006074637,
      0.17530269016540578,
      0.17304876890502946,
      0.17119130747520694,
      0.16997271290097976,
      0.1684724286064923
    ],
    "val_loss": [
      0.20941831701223662,
      0.2020762283189214,
      0.19636533598425834,
      0.1972509195438535,
      0.19720414306510642,
      0.19357058213965395,
      0.19416020967339917,
      0.19165256703889774,
      0.19387514560144467,
      0.19613511523668703,
      0.1943132316582695,
      0.19492679049945347,
      0.19807644666464813,
      0.1935428239357514,
      0.19462875518566503
    ]
  }
}