{
  "ratio": "1_1_1",
  "set": "set_2",
  "metrics": {
    "accuracy": 0.9036669754263608,
    "precision": 0.8960003020683164,
    "recall": 0.9149076025526478,
    "f1": 0.9043197445631895,
    "mcc": 0.8492972891463728,
    "specificity": 0.9505369455924294,
    "auc": 0.98123331080144,
    "auprc": 0.9661850362833272,
    "top_k_acc": 0.9965673186944913,
    "balanced_acc": 0.9149076025526478
  },
  "confusion_matrix": [
    [
      23971,
      1407,
      2174
    ],
    [
      720,
      13029,
      27
    ],
    [
      926,
      50,
      12755
    ]
  ]
}