{
  "ratio": "1_1_1",
  "set": "set_2",
  "metrics": {
    "accuracy": 0.9150013322675193,
    "precision": 0.9148541754135954,
    "recall": 0.9150164875700694,
    "f1": 0.914921880785167,
    "mcc": 0.8725155006631329,
    "specificity": 0.9574991432863863,
    "auc": 0.9831643626973069,
    "auprc": 0.966982397423591,
    "top_k_acc": 0.9959547513504348,
    "balanced_acc": 0.9150164875700694
  },
  "confusion_matrix": [
    [
      11990,
      719,
      1067
    ],
    [
      720,
      13029,
      27
    ],
    [
      926,
      50,
      12755
    ]
  ]
}