{
  "ratio": "1_1_1",
  "set": "set_2",
  "metrics": {
    "accuracy": 0.891999854740894,
    "precision": 0.8431495438062969,
    "recall": 0.9146837833501701,
    "f1": 0.8731172165179896,
    "mcc": 0.8039813256217022,
    "specificity": 0.944833459000313,
    "auc": 0.9798876325992437,
    "auprc": 0.9556141748063843,
    "top_k_acc": 0.9970585031049134,
    "balanced_acc": 0.9146837833501701
  },
  "confusion_matrix": [
    [
      47905,
      2829,
      4370
    ],
    [
      720,
      13029,
      27
    ],
    [
      926,
      50,
      12755
    ]
  ]
}