{
  "ratio": "1_1_1",
  "set": "set_2",
  "metrics": {
    "accuracy": 0.8698898034511001,
    "precision": 0.4195117096215428,
    "recall": 0.9144118649984397,
    "f1": 0.46123346510698465,
    "mcc": 0.32303668570869215,
    "specificity": 0.9366492265608405,
    "auc": 0.9773547020152349,
    "auprc": 0.7349878381990665,
    "top_k_acc": 0.9980218938922499,
    "balanced_acc": 0.9144118649984397
  },
  "confusion_matrix": [
    [
      1194547,
      70118,
      110685
    ],
    [
      720,
      13029,
      27
    ],
    [
      926,
      50,
      12755
    ]
  ]
}