{
  "ratio": "1_1_1",
  "set": "set_2",
  "metrics": {
    "accuracy": 0.8811741000925775,
    "precision": 0.724749091796292,
    "recall": 0.9148834058821097,
    "f1": 0.7920419858487868,
    "mcc": 0.7007726622304722,
    "specificity": 0.940472045120711,
    "auc": 0.9786342930457136,
    "auprc": 0.9227490095942653,
    "top_k_acc": 0.9975554708441492,
    "balanced_acc": 0.9148834058821097
  },
  "confusion_matrix": [
    [
      119845,
      6933,
      10982
    ],
    [
      720,
      13029,
      27
    ],
    [
      926,
      50,
      12755
    ]
  ]
}