{
  "best_metrics": {
    "accuracy": 0.9209540979059769,
    "precision": 0.92070143829089,
    "recall": 0.92103085817751,
    "specificity": 0.9605002488870408,
    "f1": 0.9206770555119421,
    "mcc": 0.8816183947115933,
    "auc": 0.9863792159869577,
    "balanced_acc": 0.92103085817751
  },
  "training_history": {
    "train_loss": [
      0.26193472062271234,
      0.2213271897645978,
      0.20982194251298755,
      0.20134740105936075,
      0.19366800891677124,
      0.1866483183143642,
      0.17995636877475868,
      0.17365141431258294,
      0.1675999055312373,
      0.16159311714277363,
      0.15535130056410257,
      0.14956187429494788
    ],
    "val_loss": [
      0.22497687331200064,
      0.22107604355954905,
      0.2146172526508662,
      0.20918846263533045,
      0.20617776365665447,
      0.20843341014592198,
      0.20666663586206158,
      0.20842860335175817,
      0.21551278697225437,
      0.21522170638225835,
      0.21335278799969948,
      0.2156828114577869
    ]
  }
}