{
  "ratio": "4_1_1",
  "set": "set_1",
  "metrics": {
    "accuracy": 0.9015601445721863,
    "precision": 0.9202689371637954,
    "recall": 0.8833524665188285,
    "f1": 0.898847114068992,
    "mcc": 0.8423502983522902,
    "specificity": 0.9393765829938743,
    "auc": 0.9825010425575327,
    "auprc": 0.9684789294138388,
    "top_k_acc": 0.997257487422583,
    "balanced_acc": 0.8833524665188285
  },
  "confusion_matrix": [
    [
      26336,
      525,
      691
    ],
    [
      1507,
      12260,
      9
    ],
    [
      2664,
      24,
      11043
    ]
  ]
}