{
  "ratio": "4_1_1",
  "set": "set_1",
  "metrics": {
    "accuracy": 0.9540544759729609,
    "precision": 0.5201606881361722,
    "recall": 0.8834614561976041,
    "f1": 0.6069632105499924,
    "mcc": 0.47487346950224646,
    "specificity": 0.934989396518299,
    "auc": 0.9791875757901233,
    "auprc": 0.7528599829876029,
    "top_k_acc": 0.9998381873562309,
    "balanced_acc": 0.8834614561976041
  },
  "confusion_matrix": [
    [
      1315099,
      26120,
      34131
    ],
    [
      1507,
      12260,
      9
    ],
    [
      2664,
      24,
      11043
    ]
  ]
}