{
  "ratio": "4_1_1",
  "set": "set_1",
  "metrics": {
    "accuracy": 0.9205674789071673,
    "precision": 0.9131718123304559,
    "recall": 0.8838001049237841,
    "f1": 0.897571186124746,
    "mcc": 0.8383379999776551,
    "specificity": 0.9378811552820535,
    "auc": 0.9813485750620158,
    "auprc": 0.9586220717161197,
    "top_k_acc": 0.9981600513248841,
    "balanced_acc": 0.8838001049237841
  },
  "confusion_matrix": [
    [
      52746,
      1015,
      1343
    ],
    [
      1507,
      12260,
      9
    ],
    [
      2664,
      24,
      11043
    ]
  ]
}