{
  "ratio": "4_1_1",
  "set": "set_1",
  "metrics": {
    "accuracy": 0.8837293801322579,
    "precision": 0.9022521021973732,
    "recall": 0.8836428265652861,
    "f1": 0.885904974490095,
    "mcc": 0.8328726922826207,
    "specificity": 0.9418395985741482,
    "auc": 0.9842376534150583,
    "auprc": 0.9691933031050057,
    "top_k_acc": 0.9963665431291331,
    "balanced_acc": 0.8836428265652861
  },
  "confusion_matrix": [
    [
      13180,
      271,
      325
    ],
    [
      1507,
      12260,
      9
    ],
    [
      2664,
      24,
      11043
    ]
  ]
}