{
  "ratio": "4_1_1",
  "set": "set_1",
  "metrics": {
    "accuracy": 0.9390259398427998,
    "precision": 0.8547070424714507,
    "recall": 0.883853337598968,
    "f1": 0.8687483186943726,
    "mcc": 0.7965849796728096,
    "specificity": 0.9364622187681038,
    "auc": 0.9803082180855185,
    "auprc": 0.9288235285353567,
    "top_k_acc": 0.9990681745297004,
    "balanced_acc": 0.883853337598968
  },
  "confusion_matrix": [
    [
      131887,
      2515,
      3358
    ],
    [
      1507,
      12260,
      9
    ],
    [
      2664,
      24,
      11043
    ]
  ]
}