{
  "best_metrics": {
    "accuracy": 0.9285753773011223,
    "precision": 0.916004969448123,
    "recall": 0.9010415592593634,
    "specificity": 0.9464420818769611,
    "f1": 0.9083198303168194,
    "mcc": 0.8546641384535719,
    "auc": 0.983548694909631,
    "balanced_acc": 0.9010415592593634
  },
  "training_history": {
    "train_loss": [
      0.23538421445638844,
      0.2055248629016629,
      0.1978670061491333,
      0.19295966249516716,
      0.18961089663348663,
      0.18626642729337714,
      0.1831829987814087,
      0.18063547364707647,
      0.17869847794882177,
      0.17608417956468697,
      0.17434812230944763,
      0.17232799965783824,
      0.17037928743194888,
      0.16895002338698,
      0.16719137056468272,
      0.16616471582650616,
      0.16440115477604667
    ],
    "val_loss": [
      0.20799655172431075,
      0.2037403645789834,
      0.1984741367927042,
      0.1992163451856551,
      0.1946173633606514,
      0.19402486327722904,
      0.195255530905677,
      0.19394079132420305,
      0.1932077709336444,
      0.19277514180193464,
      0.19281901488331904,
      0.1929814350709465,
      0.19397675455169022,
      0.1942032058214336,
      0.19401521172919478,
      0.19452622857629284,
      0.19511272166573235
    ]
  }
}