{
    "accuracy": 0.7233914208400964,
    "precision": 0.3642018030297287,
    "recall": 0.7407427594755811,
    "f1": 0.34030662379570753,
    "mcc": 0.16190578470831227,
    "specificity": 0.8403305357045899,
    "auc": 0.8629455708615087,
    "auprc": 0.405790452362291,
    "top_k_acc": 0.98236166160608,
    "balanced_acc": 0.7407427594755811,
    "confusion_matrix": [
        [
            665633,
            146148,
            109028
        ],
        [
            1229,
            7331,
            262
        ],
        [
            2332,
            542,
            5792
        ]
    ],
    "meta": {
        "bias_applied": [
            4.5,
            1.2,
            4.5
        ],
        "thresholds": [
            0.0,
            0.7,
            0.6
        ],
        "ratio": "100-1-1"
    }
}