{
    "accuracy": 0.7548460661345496,
    "precision": 0.7704281911303917,
    "recall": 0.7543369614484234,
    "f1": 0.7568518058646577,
    "mcc": 0.6363941798513778,
    "specificity": 0.8772210132159413,
    "auc": 0.8851095050012251,
    "auprc": 0.7620253534288087,
    "top_k_acc": 0.9847586469023185,
    "balanced_acc": 0.7543369614484234,
    "confusion_matrix": [
        [
            6400,
            1458,
            964
        ],
        [
            1155,
            7667,
            0
        ],
        [
            2873,
            0,
            5793
        ]
    ],
    "meta": {
        "bias_applied": [
            5.0,
            1.0,
            4.0
        ],
        "ratio": "1-1-1"
    }
}