{
    "accuracy": 0.7458442445633611,
    "precision": 0.7428649784833006,
    "recall": 0.753260108127181,
    "f1": 0.7450980867764821,
    "mcc": 0.5983469985368249,
    "specificity": 0.8612801305251332,
    "auc": 0.87443004510249,
    "auprc": 0.7632041367854104,
    "top_k_acc": 0.9863087783217579,
    "balanced_acc": 0.753260108127181,
    "confusion_matrix": [
        [
            12743,
            2898,
            2003
        ],
        [
            1155,
            7667,
            0
        ],
        [
            2873,
            0,
            5793
        ]
    ],
    "meta": {
        "bias_applied": [
            5.0,
            1.0,
            4.0
        ],
        "ratio": "2-1-1"
    }
}