{
    "accuracy": 0.7388585720782174,
    "precision": 0.6750761277817373,
    "recall": 0.7549012411170426,
    "f1": 0.7023644103299866,
    "mcc": 0.5393525788155038,
    "specificity": 0.8498013114578292,
    "auc": 0.8668269600052064,
    "auprc": 0.7337879811495349,
    "top_k_acc": 0.983856298317417,
    "balanced_acc": 0.7549012411170426,
    "confusion_matrix": [
        [
            25496,
            5582,
            4210
        ],
        [
            1280,
            7542,
            0
        ],
        [
            2710,
            0,
            5956
        ]
    ],
    "meta": {
        "bias_applied": [
            4.5,
            1.2,
            4.5
        ],
        "thresholds": [
            0.0,
            0.7,
            0.6
        ],
        "ratio": "4-1-1"
    }
}