{
    "accuracy": 0.720495749213735,
    "precision": 0.3643888459516052,
    "recall": 0.7422066449732468,
    "f1": 0.3397962518326187,
    "mcc": 0.16275315700262,
    "specificity": 0.8427221602106719,
    "auc": 0.8636333383355005,
    "auprc": 0.406232650390822,
    "top_k_acc": 0.9879164059993797,
    "balanced_acc": 0.7422066449732468,
    "confusion_matrix": [
        [
            662849,
            154948,
            103012
        ],
        [
            1070,
            7486,
            266
        ],
        [
            2311,
            651,
            5704
        ]
    ],
    "meta": {
        "bias_applied": [
            5.0,
            1.0,
            4.0
        ],
        "ratio": "100-1-1"
    }
}