{
    "accuracy": 0.7304366746130851,
    "precision": 0.5508841379644632,
    "recall": 0.7548067802993897,
    "f1": 0.5959818827186748,
    "mcc": 0.4262944625274113,
    "specificity": 0.8396975867422376,
    "auc": 0.8597960859941277,
    "auprc": 0.6484007224214444,
    "top_k_acc": 0.9841355431944602,
    "balanced_acc": 0.7548067802993897,
    "confusion_matrix": [
        [
            63715,
            13938,
            10567
        ],
        [
            1280,
            7542,
            0
        ],
        [
            2710,
            0,
            5956
        ]
    ],
    "meta": {
        "bias_applied": [
            4.5,
            1.2,
            4.5
        ],
        "thresholds": [
            0.0,
            0.7,
            0.6
        ],
        "ratio": "10-1-1"
    }
}