{
    "accuracy": 0.7480929067516794,
    "precision": 0.7444271035445181,
    "recall": 0.755581359004143,
    "f1": 0.747984125477716,
    "mcc": 0.6014378397187896,
    "specificity": 0.8625320989363968,
    "auc": 0.8752352558200661,
    "auprc": 0.7646438386289575,
    "top_k_acc": 0.9835762268017761,
    "balanced_acc": 0.755581359004143,
    "confusion_matrix": [
        [
            12784,
            2747,
            2113
        ],
        [
            1280,
            7542,
            0
        ],
        [
            2710,
            0,
            5956
        ]
    ],
    "meta": {
        "bias_applied": [
            4.5,
            1.2,
            4.5
        ],
        "thresholds": [
            0.0,
            0.7,
            0.6
        ],
        "ratio": "2-1-1"
    }
}