{
    "accuracy": 0.7282135694554811,
    "precision": 0.5500656610635655,
    "recall": 0.7525157568840767,
    "f1": 0.593662528068221,
    "mcc": 0.42325697869621765,
    "specificity": 0.8382921840792757,
    "auc": 0.8589570797922333,
    "auprc": 0.6471511670669469,
    "top_k_acc": 0.9889317743217164,
    "balanced_acc": 0.7525157568840767,
    "confusion_matrix": [
        [
            63518,
            14736,
            9966
        ],
        [
            1155,
            7667,
            0
        ],
        [
            2873,
            0,
            5793
        ]
    ],
    "meta": {
        "bias_applied": [
            5.0,
            1.0,
            4.0
        ],
        "ratio": "10-1-1"
    }
}