{
    "accuracy": 0.7367742913445505,
    "precision": 0.6739516320195853,
    "recall": 0.7526744510577336,
    "f1": 0.699718072978828,
    "mcc": 0.5363178748128793,
    "specificity": 0.8485247038651108,
    "auc": 0.8660079150121732,
    "auprc": 0.732376363354787,
    "top_k_acc": 0.9877027436713658,
    "balanced_acc": 0.7526744510577336,
    "confusion_matrix": [
        [
            25424,
            5888,
            3976
        ],
        [
            1155,
            7667,
            0
        ],
        [
            2873,
            0,
            5793
        ]
    ],
    "meta": {
        "bias_applied": [
            5.0,
            1.0,
            4.0
        ],
        "ratio": "4-1-1"
    }
}