{
    "accuracy": 0.7568605093120486,
    "precision": 0.7716502036947173,
    "recall": 0.756450398526549,
    "f1": 0.7595281228458296,
    "mcc": 0.6388015721623987,
    "specificity": 0.8782408357104964,
    "auc": 0.885919719337295,
    "auprc": 0.7633926072781856,
    "top_k_acc": 0.9827442037248194,
    "balanced_acc": 0.756450398526549,
    "confusion_matrix": [
        [
            6415,
            1386,
            1021
        ],
        [
            1280,
            7542,
            0
        ],
        [
            2710,
            0,
            5956
        ]
    ],
    "meta": {
        "bias_applied": [
            4.5,
            1.2,
            4.5
        ],
        "thresholds": [
            0.0,
            0.7,
            0.6
        ],
        "ratio": "1-1-1"
    }
}