{
  "ratio": "2_1_1",
  "set": "set_2",
  "metrics": {
    "accuracy": 0.9062810357774387,
    "precision": 0.9127642945250626,
    "recall": 0.9062447847901495,
    "f1": 0.9074811011125824,
    "mcc": 0.8614809863473826,
    "specificity": 0.9531263452124339,
    "auc": 0.9839594851154198,
    "auprc": 0.9679145484227959,
    "top_k_acc": 0.9968510040452486,
    "balanced_acc": 0.9062447847901495
  },
  "confusion_matrix": [
    [
      12811,
      404,
      561
    ],
    [
      1146,
      12616,
      14
    ],
    [
      1706,
      38,
      11987
    ]
  ]
}