{
  "ratio": "2_1_1",
  "set": "set_2",
  "metrics": {
    "accuracy": 0.9248307284575868,
    "precision": 0.8071322157384829,
    "recall": 0.9065617611741991,
    "f1": 0.8502983771659278,
    "mcc": 0.7723971428944671,
    "specificity": 0.9443832849068908,
    "auc": 0.9798570110570527,
    "auprc": 0.9273003703873667,
    "top_k_acc": 0.9989290057906297,
    "balanced_acc": 0.9065617611741991
  },
  "confusion_matrix": [
    [
      128241,
      3807,
      5712
    ],
    [
      1146,
      12616,
      14
    ],
    [
      1706,
      38,
      11987
    ]
  ]
}