{
  "ratio": "2_1_1",
  "set": "set_2",
  "metrics": {
    "accuracy": 0.9190180484439118,
    "precision": 0.8925193595377215,
    "recall": 0.9066924231951049,
    "f1": 0.8994184912287628,
    "mcc": 0.8399445799969001,
    "specificity": 0.9468607532921114,
    "auc": 0.9809466842393411,
    "auprc": 0.9578060741389148,
    "top_k_acc": 0.9982932055053201,
    "balanced_acc": 0.9066924231951049
  },
  "confusion_matrix": [
    [
      51318,
      1537,
      2249
    ],
    [
      1146,
      12616,
      14
    ],
    [
      1706,
      38,
      11987
    ]
  ]
}