{
  "ratio": "2_1_1",
  "set": "set_2",
  "metrics": {
    "accuracy": 0.9122940845275068,
    "precision": 0.9169342031828779,
    "recall": 0.9063052764664948,
    "f1": 0.9113466963733057,
    "mcc": 0.8589925478333434,
    "specificity": 0.9494863116010283,
    "auc": 0.9821843984464947,
    "auprc": 0.9676778471633801,
    "top_k_acc": 0.9975480847817796,
    "balanced_acc": 0.9063052764664948
  },
  "confusion_matrix": [
    [
      25627,
      779,
      1146
    ],
    [
      1146,
      12616,
      14
    ],
    [
      1706,
      38,
      11987
    ]
  ]
}