{
  "ratio": "2_1_1",
  "set": "set_2",
  "metrics": {
    "accuracy": 0.9283918460684161,
    "precision": 0.4703635476041675,
    "recall": 0.9059516203683131,
    "f1": 0.5437929964127152,
    "mcc": 0.410463871061839,
    "specificity": 0.9420178324970335,
    "auc": 0.9786696260671842,
    "auprc": 0.7460784005992215,
    "top_k_acc": 0.999540936816796,
    "balanced_acc": 0.9059516203683131
  },
  "confusion_matrix": [
    [
      1277798,
      39362,
      58190
    ],
    [
      1146,
      12616,
      14
    ],
    [
      1706,
      38,
      11987
    ]
  ]
}