{
  "best_metrics": {
    "accuracy": 0.9187905804826049,
    "precision": 0.9204517156173435,
    "recall": 0.9155382029197403,
    "specificity": 0.9541399536342761,
    "f1": 0.9179302024257391,
    "mcc": 0.8696135099161324,
    "auc": 0.9844338486584827,
    "balanced_acc": 0.9155382029197403
  },
  "training_history": {
    "train_loss": [
      0.2635486797265165,
      0.22735420493662664,
      0.2168220207583516,
      0.20950431115904652,
      0.20391869291638523,
      0.19836690666626966,
      0.1930721077698446,
      0.18817834227611654,
      0.1837837908797207,
      0.17918673408746483,
      0.17494268564807883,
      0.17085873278930425,
      0.16692513597200465
    ],
    "val_loss": [
      0.23352756760239315,
      0.22527062034260525,
      0.22445832352836748,
      0.21759902678278764,
      0.22452981372120065,
      0.2157116124224584,
      0.220224706566664,
      0.22204280985399666,
      0.21904749434044266,
      0.22101006786468086,
      0.22107605794903554,
      0.22617295949216606,
      0.2250181716833101
    ]
  }
}