{
  "test_1_1_1": {
    "strategy": "Ensemble_2_1_1",
    "metrics": {
      "accuracy": 0.917977955150133,
      "precision": 0.9219043039373357,
      "recall": 0.9178839576955756,
      "f1": 0.9188314046901072,
      "mcc": 0.8780279028563852,
      "specificity": 0.9589342743877781,
      "auc": 0.9870477307326837,
      "auprc": 0.9751898484037113,
      "top_k_acc": 0.9943367540858989,
      "balanced_acc": 0.9178839576955756
    },
    "cm": [
      [
        8202,
        243,
        377
      ],
      [
        667,
        8133,
        22
      ],
      [
        824,
        25,
        7817
      ]
    ]
  },
  "test_2_1_1": {
    "strategy": "Ensemble_2_1_1",
    "metrics": {
      "accuracy": 0.921296823408858,
      "precision": 0.9229087851676246,
      "recall": 0.9181295558214732,
      "f1": 0.9204603037774141,
      "mcc": 0.8735299977182929,
      "specificity": 0.9554973543180268,
      "auc": 0.9856466775848124,
      "auprc": 0.9744979046728844,
      "top_k_acc": 0.9955880678583627,
      "balanced_acc": 0.9181295558214732
    },
    "cm": [
      [
        16417,
        476,
        751
      ],
      [
        667,
        8133,
        22
      ],
      [
        824,
        25,
        7817
      ]
    ]
  },
  "test_4_1_1": {
    "strategy": "Ensemble_2_1_1",
    "metrics": {
      "accuracy": 0.9236395331211157,
      "precision": 0.8941544611097453,
      "recall": 0.9177706047143923,
      "f1": 0.9053869975463725,
      "mcc": 0.8501700143788381,
      "specificity": 0.952366595942678,
      "auc": 0.9844234498671188,
      "auprc": 0.9654400306269574,
      "top_k_acc": 0.9968925269061695,
      "balanced_acc": 0.9177706047143923
    },
    "cm": [
      [
        32796,
        983,
        1509
      ],
      [
        667,
        8133,
        22
      ],
      [
        824,
        25,
        7817
      ]
    ]
  },
  "test_10_1_1": {
    "strategy": "Ensemble_2_1_1",
    "metrics": {
      "accuracy": 0.9256063874068188,
      "precision": 0.8051534817520544,
      "recall": 0.9174078751746054,
      "f1": 0.8528257265078532,
      "mcc": 0.778397540503312,
      "specificity": 0.9496757319070664,
      "auc": 0.9834293432708661,
      "auprc": 0.9397589112836146,
      "top_k_acc": 0.9981647557422333,
      "balanced_acc": 0.9174078751746054
    },
    "cm": [
      [
        81894,
        2491,
        3835
      ],
      [
        667,
        8133,
        22
      ],
      [
        824,
        25,
        7817
      ]
    ]
  },
  "test_data": {
    "strategy": "Ensemble_2_1_1",
    "metrics": {
      "accuracy": 0.9290405916250398,
      "precision": 0.46843355992227265,
      "recall": 0.9177646408974544,
      "f1": 0.5416313069194977,
      "mcc": 0.41067564560234837,
      "specificity": 0.9482399736867287,
      "auc": 0.9828883634567281,
      "auprc": 0.7907033431086331,
      "top_k_acc": 0.9994202262183509,
      "balanced_acc": 0.9177646408974544
    },
    "cm": [
      [
        855766,
        25386,
        39657
      ],
      [
        667,
        8133,
        22
      ],
      [
        824,
        25,
        7817
      ]
    ]
  }
}