{
  "test_1_1_1": {
    "strategy": "Ensemble_All_40",
    "metrics": {
      "accuracy": 0.9106803496769289,
      "precision": 0.9185079771219474,
      "recall": 0.9104872113263897,
      "f1": 0.9119839007853585,
      "mcc": 0.8685821956278006,
      "specificity": 0.9552587806385779,
      "auc": 0.9871913416475068,
      "auprc": 0.9754303086224354,
      "top_k_acc": 0.9943747624477385,
      "balanced_acc": 0.9104872113263897
    },
    "cm": [
      [
        8342,
        193,
        287
      ],
      [
        794,
        8010,
        18
      ],
      [
        1039,
        19,
        7608
      ]
    ]
  },
  "test_2_1_1": {
    "strategy": "Ensemble_All_40",
    "metrics": {
      "accuracy": 0.9197882272572014,
      "precision": 0.9273699818594495,
      "recall": 0.9107139172887565,
      "f1": 0.9184427558023304,
      "mcc": 0.8708259758492372,
      "specificity": 0.9526257325645465,
      "auc": 0.9858159330218811,
      "auprc": 0.9748195648727241,
      "top_k_acc": 0.9957303882500285,
      "balanced_acc": 0.9107139172887565
    },
    "cm": [
      [
        16696,
        385,
        563
      ],
      [
        794,
        8010,
        18
      ],
      [
        1039,
        19,
        7608
      ]
    ]
  },
  "test_4_1_1": {
    "strategy": "Ensemble_All_40",
    "metrics": {
      "accuracy": 0.9275428224950735,
      "precision": 0.907230326650335,
      "recall": 0.91016604454637,
      "f1": 0.9086815944596464,
      "mcc": 0.8548582952287815,
      "specificity": 0.9499944470445599,
      "auc": 0.9846314122135548,
      "auprc": 0.9660378612815416,
      "top_k_acc": 0.9970630589661967,
      "balanced_acc": 0.91016604454637
    },
    "cm": [
      [
        33334,
        786,
        1168
      ],
      [
        794,
        8010,
        18
      ],
      [
        1039,
        19,
        7608
      ]
    ]
  },
  "test_10_1_1": {
    "strategy": "Ensemble_All_40",
    "metrics": {
      "accuracy": 0.9362678321413705,
      "precision": 0.8343018791848665,
      "recall": 0.91023405633508,
      "f1": 0.8685382236210312,
      "mcc": 0.7987689651922187,
      "specificity": 0.9482059819384038,
      "auc": 0.9836815780395219,
      "auprc": 0.9410926331451069,
      "top_k_acc": 0.9984485564006509,
      "balanced_acc": 0.91023405633508
    },
    "cm": [
      [
        83353,
        1940,
        2927
      ],
      [
        794,
        8010,
        18
      ],
      [
        1039,
        19,
        7608
      ]
    ]
  },
  "test_data": {
    "strategy": "Ensemble_All_40",
    "metrics": {
      "accuracy": 0.9449673184503414,
      "precision": 0.49575014453955646,
      "recall": 0.9106080086253753,
      "f1": 0.5788087173505726,
      "mcc": 0.45034864602524854,
      "specificity": 0.9472025716825115,
      "auc": 0.9831487356828598,
      "auprc": 0.795921241363378,
      "top_k_acc": 0.9997101131091755,
      "balanced_acc": 0.9106080086253753
    },
    "cm": [
      [
        871042,
        19976,
        29791
      ],
      [
        794,
        8010,
        18
      ],
      [
        1039,
        19,
        7608
      ]
    ]
  }
}