{
  "test_1_1_1": {
    "strategy": "Ensemble_1_1_1",
    "metrics": {
      "accuracy": 0.9215127328012163,
      "precision": 0.9215220535954388,
      "recall": 0.9216026313448348,
      "f1": 0.92153900211799,
      "mcc": 0.8822919908006185,
      "specificity": 0.9607529260037685,
      "auc": 0.9865511653158562,
      "auprc": 0.9742970724422518,
      "top_k_acc": 0.9945648042569365,
      "balanced_acc": 0.9216026313448348
    },
    "cm": [
      [
        7800,
        394,
        628
      ],
      [
        451,
        8327,
        44
      ],
      [
        514,
        34,
        8118
      ]
    ]
  },
  "test_2_1_1": {
    "strategy": "Ensemble_1_1_1",
    "metrics": {
      "accuracy": 0.9116190367755892,
      "precision": 0.904069379112499,
      "recall": 0.9212625724012846,
      "f1": 0.9117043262913139,
      "mcc": 0.8612244143884548,
      "specificity": 0.9545926774586655,
      "auc": 0.9850918635548157,
      "auprc": 0.973515506532508,
      "top_k_acc": 0.9953888193100308,
      "balanced_acc": 0.9212625724012846
    },
    "cm": [
      [
        15582,
        782,
        1280
      ],
      [
        451,
        8327,
        44
      ],
      [
        514,
        34,
        8118
      ]
    ]
  },
  "test_4_1_1": {
    "strategy": "Ensemble_1_1_1",
    "metrics": {
      "accuracy": 0.9023988176443838,
      "precision": 0.8555715116358602,
      "recall": 0.9214137097095291,
      "f1": 0.8836949466571272,
      "mcc": 0.8204830225398851,
      "specificity": 0.9499294641917215,
      "auc": 0.9838081984182921,
      "auprc": 0.9639898777898429,
      "top_k_acc": 0.9964756707594361,
      "balanced_acc": 0.9214137097095291
    },
    "cm": [
      [
        31180,
        1604,
        2504
      ],
      [
        451,
        8327,
        44
      ],
      [
        514,
        34,
        8118
      ]
    ]
  },
  "test_10_1_1": {
    "strategy": "Ensemble_1_1_1",
    "metrics": {
      "accuracy": 0.891607068528399,
      "precision": 0.7390103635941121,
      "recall": 0.9208658369671426,
      "f1": 0.8053431994061521,
      "mcc": 0.719527389397152,
      "specificity": 0.9455408628508774,
      "auc": 0.9827671928714956,
      "auprc": 0.9371877639710083,
      "top_k_acc": 0.9974552540961895,
      "balanced_acc": 0.9208658369671426
    },
    "cm": [
      [
        77805,
        4081,
        6334
      ],
      [
        451,
        8327,
        44
      ],
      [
        514,
        34,
        8118
      ]
    ]
  },
  "test_data": {
    "strategy": "Ensemble_1_1_1",
    "metrics": {
      "accuracy": 0.884376695225499,
      "precision": 0.4248722128898526,
      "recall": 0.9213227061363211,
      "f1": 0.47216054027506055,
      "mcc": 0.3363779313129633,
      "specificity": 0.943049545445296,
      "auc": 0.9821435157784476,
      "auprc": 0.7816282304123563,
      "top_k_acc": 0.9981562341135056,
      "balanced_acc": 0.9213227061363211
    },
    "cm": [
      [
        813363,
        41906,
        65540
      ],
      [
        451,
        8327,
        44
      ],
      [
        514,
        34,
        8118
      ]
    ]
  }
}