{
  "test_1_1_1": {
    "strategy": "Ensemble_9_1_1",
    "metrics": {
      "accuracy": 0.8624857468643101,
      "precision": 0.8952713975294553,
      "recall": 0.8619019557666477,
      "f1": 0.8656054637848478,
      "mcc": 0.807247485687799,
      "specificity": 0.9310581438568596,
      "auc": 0.9868740329045965,
      "auprc": 0.9748985508128648,
      "top_k_acc": 0.9940706955530216,
      "balanced_acc": 0.8619019557666477
    },
    "cm": [
      [
        8616,
        96,
        110
      ],
      [
        1355,
        7460,
        7
      ],
      [
        2038,
        12,
        6616
      ]
    ]
  },
  "test_2_1_1": {
    "strategy": "Ensemble_9_1_1",
    "metrics": {
      "accuracy": 0.8919218945690539,
      "precision": 0.9265365758560972,
      "recall": 0.8624120441819731,
      "f1": 0.8870084776809591,
      "mcc": 0.829068798545656,
      "specificity": 0.9302242297890976,
      "auc": 0.9855506611618962,
      "auprc": 0.9743845167864865,
      "top_k_acc": 0.9955596037800296,
      "balanced_acc": 0.8624120441819731
    },
    "cm": [
      [
        17259,
        183,
        202
      ],
      [
        1355,
        7460,
        7
      ],
      [
        2038,
        12,
        6616
      ]
    ]
  },
  "test_4_1_1": {
    "strategy": "Ensemble_9_1_1",
    "metrics": {
      "accuracy": 0.9204562680006063,
      "precision": 0.9338423413412187,
      "recall": 0.8622609068737286,
      "f1": 0.8935919186371025,
      "mcc": 0.8365256960725106,
      "specificity": 0.9292338543417326,
      "auc": 0.9844432633099828,
      "auprc": 0.9657807683447629,
      "top_k_acc": 0.997044110959527,
      "balanced_acc": 0.8622609068737286
    },
    "cm": [
      [
        34502,
        359,
        427
      ],
      [
        1355,
        7460,
        7
      ],
      [
        2038,
        12,
        6616
      ]
    ]
  },
  "test_10_1_1": {
    "strategy": "Ensemble_9_1_1",
    "metrics": {
      "accuracy": 0.9491050819237901,
      "precision": 0.9044588727411144,
      "recall": 0.8622495715756102,
      "f1": 0.8821893946373587,
      "mcc": 0.8189935698163805,
      "specificity": 0.9284968858568347,
      "auc": 0.9835500111438105,
      "auprc": 0.9409731151044166,
      "top_k_acc": 0.9985147765542816,
      "balanced_acc": 0.8622495715756102
    },
    "cm": [
      [
        86252,
        887,
        1081
      ],
      [
        1355,
        7460,
        7
      ],
      [
        2038,
        12,
        6616
      ]
    ]
  },
  "test_data": {
    "strategy": "Ensemble_9_1_1",
    "metrics": {
      "accuracy": 0.9750675958678329,
      "precision": 0.6080273940466928,
      "recall": 0.8624520328262788,
      "f1": 0.6933811237683819,
      "mcc": 0.5692281795659118,
      "specificity": 0.9281548673194875,
      "auc": 0.9830700990687701,
      "auprc": 0.7962002358019714,
      "top_k_acc": 0.9998273467782589,
      "balanced_acc": 0.8624520328262788
    },
    "cm": [
      [
        900827,
        9150,
        10832
      ],
      [
        1355,
        7460,
        7
      ],
      [
        2038,
        12,
        6616
      ]
    ]
  }
}