{
  "test_1_1_1": {
    "strategy": "Ensemble_4_1_1",
    "metrics": {
      "accuracy": 0.9004941087039149,
      "precision": 0.9129574991626589,
      "recall": 0.9001970906539051,
      "f1": 0.9022270204180208,
      "mcc": 0.8552166515842029,
      "specificity": 0.9501405729071924,
      "auc": 0.9873005283198957,
      "auprc": 0.9756549220093277,
      "top_k_acc": 0.994716837704295,
      "balanced_acc": 0.9001970906539051
    },
    "cm": [
      [
        8426,
        166,
        230
      ],
      [
        907,
        7899,
        16
      ],
      [
        1283,
        16,
        7367
      ]
    ]
  },
  "test_2_1_1": {
    "strategy": "Ensemble_4_1_1",
    "metrics": {
      "accuracy": 0.914949333940567,
      "precision": 0.9284541709964854,
      "recall": 0.9006882869056998,
      "f1": 0.9129698969124235,
      "mcc": 0.8632942063584883,
      "specificity": 0.9481808449351283,
      "auc": 0.985987755741539,
      "auprc": 0.9750877259988718,
      "top_k_acc": 0.9959865649550268,
      "balanced_acc": 0.9006882869056998
    },
    "cm": [
      [
        16878,
        327,
        439
      ],
      [
        907,
        7899,
        16
      ],
      [
        1283,
        16,
        7367
      ]
    ]
  },
  "test_4_1_1": {
    "strategy": "Ensemble_4_1_1",
    "metrics": {
      "accuracy": 0.9285470668485676,
      "precision": 0.9169358579120028,
      "recall": 0.9005277035156899,
      "f1": 0.9084911627674751,
      "mcc": 0.8550062687734128,
      "specificity": 0.9462918238650365,
      "auc": 0.9848082551035727,
      "auprc": 0.9663003568875501,
      "top_k_acc": 0.9972714870395635,
      "balanced_acc": 0.9005277035156899
    },
    "cm": [
      [
        33739,
        650,
        899
      ],
      [
        907,
        7899,
        16
      ],
      [
        1283,
        16,
        7367
      ]
    ]
  },
  "test_10_1_1": {
    "strategy": "Ensemble_4_1_1",
    "metrics": {
      "accuracy": 0.9423411662315057,
      "precision": 0.8559503872515796,
      "recall": 0.9005258142993369,
      "f1": 0.877010492904832,
      "mcc": 0.8100783379206281,
      "specificity": 0.9448347499919043,
      "auc": 0.9839175611029526,
      "auprc": 0.941684227326783,
      "top_k_acc": 0.9985904567298596,
      "balanced_acc": 0.9005258142993369
    },
    "cm": [
      [
        84347,
        1594,
        2279
      ],
      [
        907,
        7899,
        16
      ],
      [
        1283,
        16,
        7367
      ]
    ]
  },
  "test_data": {
    "strategy": "Ensemble_4_1_1",
    "metrics": {
      "accuracy": 0.9556835415651974,
      "precision": 0.521847247884894,
      "recall": 0.9009113438519812,
      "f1": 0.6105841308395481,
      "mcc": 0.48363288379738734,
      "specificity": 0.9441315060544802,
      "auc": 0.9834251861792543,
      "auprc": 0.7967135510314245,
      "top_k_acc": 0.999764466901205,
      "balanced_acc": 0.9009113438519812
    },
    "cm": [
      [
        881449,
        16332,
        23028
      ],
      [
        907,
        7899,
        16
      ],
      [
        1283,
        16,
        7367
      ]
    ]
  }
}