{
  "gtex_test_1_1_1": {
    "strategy": "gtex_Ensemble_4_1_1",
    "metrics": {
      "accuracy": 0.8897366954920912,
      "precision": 0.9066077911700687,
      "recall": 0.8896589055039712,
      "f1": 0.8918036403082542,
      "mcc": 0.8411738311852388,
      "specificity": 0.9448447754424416,
      "auc": 0.9857424981883939,
      "auprc": 0.9718470080883702,
      "top_k_acc": 0.9967541118620256,
      "balanced_acc": 0.8896589055039712
    },
    "cm": [
      [
        13215,
        243,
        318
      ],
      [
        1486,
        12280,
        10
      ],
      [
        2468,
        27,
        11236
      ]
    ]
  },
  "gtex_test_2_1_1": {
    "strategy": "gtex_Ensemble_4_1_1",
    "metrics": {
      "accuracy": 0.9068272217076228,
      "precision": 0.9246466827741388,
      "recall": 0.8894532338043971,
      "f1": 0.9044140871187659,
      "mcc": 0.8508069263246456,
      "specificity": 0.9425953891498997,
      "auc": 0.9842120780062785,
      "auprc": 0.9714804252857664,
      "top_k_acc": 0.9975480847817796,
      "balanced_acc": 0.8894532338043971
    },
    "cm": [
      [
        26413,
        478,
        661
      ],
      [
        1486,
        12280,
        10
      ],
      [
        2468,
        27,
        11236
      ]
    ]
  },
  "gtex_test_4_1_1": {
    "strategy": "gtex_Ensemble_4_1_1",
    "metrics": {
      "accuracy": 0.9251431407439688,
      "precision": 0.9187922394761964,
      "recall": 0.8899674130533324,
      "f1": 0.9035710833432922,
      "mcc": 0.8477407620070594,
      "specificity": 0.941290234944006,
      "auc": 0.9831485115869011,
      "auprc": 0.9625077450662113,
      "top_k_acc": 0.998353730132791,
      "balanced_acc": 0.8899674130533324
    },
    "cm": [
      [
        52911,
        913,
        1280
      ],
      [
        1486,
        12280,
        10
      ],
      [
        2468,
        27,
        11236
      ]
    ]
  },
  "gtex_test_10_1_1": {
    "strategy": "gtex_Ensemble_4_1_1",
    "metrics": {
      "accuracy": 0.9423236338773016,
      "precision": 0.862484601248204,
      "recall": 0.8898258625306843,
      "f1": 0.8757090237016781,
      "mcc": 0.8072174243747336,
      "specificity": 0.9398135223929031,
      "auc": 0.9821297192807652,
      "auprc": 0.9345692490932908,
      "top_k_acc": 0.9991589367508334,
      "balanced_acc": 0.8898258625306843
    },
    "cm": [
      [
        132219,
        2253,
        3288
      ],
      [
        1486,
        12280,
        10
      ],
      [
        2468,
        27,
        11236
      ]
    ]
  },
  "gtex_test_data": {
    "strategy": "gtex_Ensemble_4_1_1",
    "metrics": {
      "accuracy": 0.9563490790579511,
      "precision": 0.5298337904451697,
      "recall": 0.8893591934931715,
      "f1": 0.6183860254891135,
      "mcc": 0.4882384899867814,
      "specificity": 0.9383394071705523,
      "auc": 0.9810932461829013,
      "auprc": 0.7665539949464901,
      "top_k_acc": 0.9998367616941712,
      "balanced_acc": 0.8893591934931715
    },
    "cm": [
      [
        1318105,
        23549,
        33696
      ],
      [
        1486,
        12280,
        10
      ],
      [
        2468,
        27,
        11236
      ]
    ]
  }
}