{
  "gtex_test_1_1_1": {
    "strategy": "gtex_Ensemble_1_1_1",
    "metrics": {
      "accuracy": 0.9191434731003076,
      "precision": 0.9194248518718834,
      "recall": 0.9191465848574962,
      "f1": 0.9192620669390025,
      "mcc": 0.8787374412138174,
      "specificity": 0.9595678398639697,
      "auc": 0.9850143221774573,
      "auprc": 0.9702639062742403,
      "top_k_acc": 0.9968994501368602,
      "balanced_acc": 0.9191465848574962
    },
    "cm": [
      [
        12238,
        644,
        894
      ],
      [
        706,
        13047,
        23
      ],
      [
        1019,
        52,
        12660
      ]
    ]
  },
  "gtex_test_2_1_1": {
    "strategy": "gtex_Ensemble_1_1_1",
    "metrics": {
      "accuracy": 0.9114222924499173,
      "precision": 0.9053248240848443,
      "recall": 0.9191344865222272,
      "f1": 0.9116794682511085,
      "mcc": 0.860270300174407,
      "specificity": 0.9536622798819798,
      "auc": 0.9832888351533935,
      "auprc": 0.969721371933077,
      "top_k_acc": 0.9973846237672315,
      "balanced_acc": 0.9191344865222272
    },
    "cm": [
      [
        24475,
        1235,
        1842
      ],
      [
        706,
        13047,
        23
      ],
      [
        1019,
        52,
        12660
      ]
    ]
  },
  "gtex_test_4_1_1": {
    "strategy": "gtex_Ensemble_1_1_1",
    "metrics": {
      "accuracy": 0.9038142620232172,
      "precision": 0.8593730623336301,
      "recall": 0.9191828798633034,
      "f1": 0.885459164746938,
      "mcc": 0.8215874485935868,
      "specificity": 0.9489828740536348,
      "auc": 0.9821024783056451,
      "auprc": 0.960165560827218,
      "top_k_acc": 0.997760588783576,
      "balanced_acc": 0.9191828798633034
    },
    "cm": [
      [
        48958,
        2432,
        3714
      ],
      [
        706,
        13047,
        23
      ],
      [
        1019,
        52,
        12660
      ]
    ]
  },
  "gtex_test_10_1_1": {
    "strategy": "gtex_Ensemble_1_1_1",
    "metrics": {
      "accuracy": 0.8957081571033539,
      "precision": 0.7472856407797289,
      "recall": 0.9190110835024828,
      "f1": 0.8115292068017693,
      "mcc": 0.7254478224626539,
      "specificity": 0.9449727887269473,
      "auc": 0.9809757753550921,
      "auprc": 0.9302647293004241,
      "top_k_acc": 0.9981181966151742,
      "balanced_acc": 0.9190110835024828
    },
    "cm": [
      [
        122324,
        5972,
        9464
      ],
      [
        706,
        13047,
        23
      ],
      [
        1019,
        52,
        12660
      ]
    ]
  },
  "gtex_test_data": {
    "strategy": "gtex_Ensemble_1_1_1",
    "metrics": {
      "accuracy": 0.8879671983673318,
      "precision": 0.43113785931170434,
      "recall": 0.9187061641802888,
      "f1": 0.48224088072797366,
      "mcc": 0.34683110890874896,
      "specificity": 0.9417962861611798,
      "auc": 0.9798248871847521,
      "auprc": 0.753416399872425,
      "top_k_acc": 0.9983847248864282,
      "balanced_acc": 0.9187061641802888
    },
    "cm": [
      [
        1219984,
        60622,
        94744
      ],
      [
        706,
        13047,
        23
      ],
      [
        1019,
        52,
        12660
      ]
    ]
  }
}