{
  "gtex_test_1_1_1": {
    "strategy": "gtex_Ensemble_All_40",
    "metrics": {
      "accuracy": 0.9022115640820677,
      "precision": 0.9129519505591855,
      "recall": 0.9021562717304815,
      "f1": 0.9037901357592255,
      "mcc": 0.8571975927165293,
      "specificity": 0.9510873330332092,
      "auc": 0.9856977863820102,
      "auprc": 0.9714924991599965,
      "top_k_acc": 0.9969721192742775,
      "balanced_acc": 0.9021562717304815
    },
    "cm": [
      [
        13073,
        299,
        404
      ],
      [
        1283,
        12482,
        11
      ],
      [
        2011,
        29,
        11691
      ]
    ]
  },
  "gtex_test_2_1_1": {
    "strategy": "gtex_Ensemble_All_40",
    "metrics": {
      "accuracy": 0.9135109609691422,
      "precision": 0.924353210507947,
      "recall": 0.9018901083545621,
      "f1": 0.9119922635228842,
      "mcc": 0.8609950249110362,
      "specificity": 0.9482373051545778,
      "auc": 0.9841165610438439,
      "auprc": 0.9712297571881893,
      "top_k_acc": 0.9977115457963276,
      "balanced_acc": 0.9018901083545621
    },
    "cm": [
      [
        26124,
        579,
        849
      ],
      [
        1283,
        12482,
        11
      ],
      [
        2011,
        29,
        11691
      ]
    ]
  },
  "gtex_test_4_1_1": {
    "strategy": "gtex_Ensemble_All_40",
    "metrics": {
      "accuracy": 0.9263052135914104,
      "precision": 0.911066995150568,
      "recall": 0.9025071234532845,
      "f1": 0.9067141840391627,
      "mcc": 0.8516071320838555,
      "specificity": 0.9465582325497831,
      "auc": 0.9830000366434866,
      "auprc": 0.9622030345963447,
      "top_k_acc": 0.9984384646112503,
      "balanced_acc": 0.9025071234532845
    },
    "cm": [
      [
        52350,
        1095,
        1659
      ],
      [
        1283,
        12482,
        11
      ],
      [
        2011,
        29,
        11691
      ]
    ]
  },
  "gtex_test_10_1_1": {
    "strategy": "gtex_Ensemble_All_40",
    "metrics": {
      "accuracy": 0.9376221508226082,
      "precision": 0.8424821616210071,
      "recall": 0.9022893534184413,
      "f1": 0.8701242390483176,
      "mcc": 0.7996053532231407,
      "specificity": 0.9446502019767005,
      "auc": 0.9819670352518007,
      "auprc": 0.9342040350847546,
      "top_k_acc": 0.9991770891950601,
      "balanced_acc": 0.9022893534184413
    },
    "cm": [
      [
        130785,
        2740,
        4235
      ],
      [
        1283,
        12482,
        11
      ],
      [
        2011,
        29,
        11691
      ]
    ]
  },
  "gtex_test_data": {
    "strategy": "gtex_Ensemble_All_40",
    "metrics": {
      "accuracy": 0.946504169705109,
      "precision": 0.504839280232358,
      "recall": 0.9017859855606893,
      "f1": 0.5893694143008301,
      "mcc": 0.45881768964092967,
      "specificity": 0.9428648851722703,
      "auc": 0.9808950207221533,
      "auprc": 0.7658374218126528,
      "top_k_acc": 0.9998004073116504,
      "balanced_acc": 0.9017859855606893
    },
    "cm": [
      [
        1303637,
        28560,
        43153
      ],
      [
        1283,
        12482,
        11
      ],
      [
        2011,
        29,
        11691
      ]
    ]
  }
}