{
  "gtex_test_1_1_1": {
    "strategy": "gtex_Ensemble_2_1_1",
    "metrics": {
      "accuracy": 0.9111740910302062,
      "precision": 0.9167432144202853,
      "recall": 0.9111408386002459,
      "f1": 0.9122317835098009,
      "mcc": 0.868498820158318,
      "specificity": 0.9555740288386945,
      "auc": 0.9855770069959874,
      "auprc": 0.9711918537854182,
      "top_k_acc": 0.9967541118620256,
      "balanced_acc": 0.9111408386002459
    },
    "cm": [
      [
        12830,
        391,
        555
      ],
      [
        1071,
        12694,
        11
      ],
      [
        1601,
        38,
        12092
      ]
    ]
  },
  "gtex_test_2_1_1": {
    "strategy": "gtex_Ensemble_2_1_1",
    "metrics": {
      "accuracy": 0.9161263372019107,
      "precision": 0.9199422075310574,
      "recall": 0.9110803469239007,
      "f1": 0.9153209662875973,
      "mcc": 0.8652219127369891,
      "specificity": 0.951917844191913,
      "auc": 0.9839704778049191,
      "auprc": 0.9708792357198522,
      "top_k_acc": 0.9974754354419805,
      "balanced_acc": 0.9110803469239007
    },
    "cm": [
      [
        25655,
        752,
        1145
      ],
      [
        1071,
        12694,
        11
      ],
      [
        1601,
        38,
        12092
      ]
    ]
  },
  "gtex_test_4_1_1": {
    "strategy": "gtex_Ensemble_2_1_1",
    "metrics": {
      "accuracy": 0.9222984832528356,
      "precision": 0.8960887863868706,
      "recall": 0.9116610670168157,
      "f1": 0.9036431025780542,
      "mcc": 0.8466534247319162,
      "specificity": 0.9494826772122461,
      "auc": 0.9828273754522193,
      "auprc": 0.9616808194251035,
      "top_k_acc": 0.9982447858033434,
      "balanced_acc": 0.9116610670168157
    },
    "cm": [
      [
        51406,
        1448,
        2250
      ],
      [
        1071,
        12694,
        11
      ],
      [
        1601,
        38,
        12092
      ]
    ]
  },
  "gtex_test_10_1_1": {
    "strategy": "gtex_Ensemble_2_1_1",
    "metrics": {
      "accuracy": 0.927493086944157,
      "precision": 0.8127019193608152,
      "recall": 0.911619932676901,
      "f1": 0.855639561495047,
      "mcc": 0.7803827029727716,
      "specificity": 0.9471366429699609,
      "auc": 0.9817848151856393,
      "auprc": 0.9331024531796733,
      "top_k_acc": 0.9989411074201141,
      "balanced_acc": 0.911619932676901
    },
    "cm": [
      [
        128498,
        3541,
        5721
      ],
      [
        1071,
        12694,
        11
      ],
      [
        1601,
        38,
        12092
      ]
    ]
  },
  "gtex_test_data": {
    "strategy": "gtex_Ensemble_2_1_1",
    "metrics": {
      "accuracy": 0.9308675082349804,
      "precision": 0.4762555935713592,
      "recall": 0.9111853102281415,
      "f1": 0.5519007603062835,
      "mcc": 0.4195880053715297,
      "specificity": 0.9449893026015782,
      "auc": 0.980721909892892,
      "auprc": 0.7614049354410414,
      "top_k_acc": 0.9995387983237065,
      "balanced_acc": 0.9111853102281415
    },
    "cm": [
      [
        1281088,
        36525,
        57737
      ],
      [
        1071,
        12694,
        11
      ],
      [
        1601,
        38,
        12092
      ]
    ]
  }
}