{
  "gtex_test_1_1_1": {
    "strategy": "gtex_Ensemble_9_1_1",
    "metrics": {
      "accuracy": 0.8401521207276603,
      "precision": 0.8843292718038022,
      "recall": 0.8400115139568637,
      "f1": 0.8437322392028012,
      "mcc": 0.7794083149227028,
      "specificity": 0.9200356631320158,
      "auc": 0.9853705499975142,
      "auprc": 0.9710388752474883,
      "top_k_acc": 0.9967541118620256,
      "balanced_acc": 0.8400115139568637
    },
    "cm": [
      [
        13486,
        134,
        156
      ],
      [
        2336,
        11435,
        5
      ],
      [
        3955,
        13,
        9763
      ]
    ]
  },
  "gtex_test_2_1_1": {
    "strategy": "gtex_Ensemble_9_1_1",
    "metrics": {
      "accuracy": 0.8751157848853048,
      "precision": 0.9188823160869989,
      "recall": 0.8401687923153616,
      "f1": 0.8682986201471915,
      "mcc": 0.8039255525576839,
      "specificity": 0.9190441177413193,
      "auc": 0.983883069078766,
      "auprc": 0.9709003121728776,
      "top_k_acc": 0.9975662471167294,
      "balanced_acc": 0.8401687923153616
    },
    "cm": [
      [
        26985,
        259,
        308
      ],
      [
        2336,
        11435,
        5
      ],
      [
        3955,
        13,
        9763
      ]
    ]
  },
  "gtex_test_4_1_1": {
    "strategy": "gtex_Ensemble_9_1_1",
    "metrics": {
      "accuracy": 0.9100361937272277,
      "precision": 0.9307885230644034,
      "recall": 0.8402353331593414,
      "f1": 0.8780837940177468,
      "mcc": 0.815369838150737,
      "specificity": 0.918241521883029,
      "auc": 0.9828223423671206,
      "auprc": 0.9619094434245964,
      "top_k_acc": 0.9983779399837794,
      "balanced_acc": 0.8402353331593414
    },
    "cm": [
      [
        53981,
        511,
        612
      ],
      [
        2336,
        11435,
        5
      ],
      [
        3955,
        13,
        9763
      ]
    ]
  },
  "gtex_test_10_1_1": {
    "strategy": "gtex_Ensemble_9_1_1",
    "metrics": {
      "accuracy": 0.9449436366606764,
      "precision": 0.9064702062358121,
      "recall": 0.8402776773327831,
      "f1": 0.8703778965168115,
      "mcc": 0.8025372156335048,
      "specificity": 0.9175872799385575,
      "auc": 0.981799344731261,
      "auprc": 0.9339185410799812,
      "top_k_acc": 0.9991891908245445,
      "balanced_acc": 0.8402776773327831
    },
    "cm": [
      [
        134970,
        1257,
        1533
      ],
      [
        2336,
        11435,
        5
      ],
      [
        3955,
        13,
        9763
      ]
    ]
  },
  "gtex_test_data": {
    "strategy": "gtex_Ensemble_9_1_1",
    "metrics": {
      "accuracy": 0.9744977570771647,
      "precision": 0.6111375449882265,
      "recall": 0.839886851147984,
      "f1": 0.6908301805164595,
      "mcc": 0.5597204428122856,
      "specificity": 0.9166895634012032,
      "auc": 0.9807482576328809,
      "auprc": 0.7654373084752418,
      "top_k_acc": 0.9998987779937656,
      "balanced_acc": 0.839886851147984
    },
    "cm": [
      [
        1345883,
        13408,
        16059
      ],
      [
        2336,
        11435,
        5
      ],
      [
        3955,
        13,
        9763
      ]
    ]
  }
}