{
  "ratio": "9_1_1",
  "set": "set_1",
  "metrics": {
    "accuracy": 0.9420937029170978,
    "precision": 0.8993756044039668,
    "recall": 0.8336401383400363,
    "f1": 0.8635592957541286,
    "mcc": 0.792106285714935,
    "specificity": 0.914150911428909,
    "auc": 0.9796056723047052,
    "auprc": 0.9274335526196813,
    "top_k_acc": 0.9989592598643408,
    "balanced_acc": 0.8336401383400363
  },
  "confusion_matrix": [
    [
      134751,
      1329,
      1680
    ],
    [
      2457,
      11310,
      9
    ],
    [
      4076,
      19,
      9636
    ]
  ]
}