{
  "ratio": "9_1_1",
  "set": "set_1",
  "metrics": {
    "accuracy": 0.9058842042827226,
    "precision": 0.9262286660621156,
    "recall": 0.8335772269966372,
    "f1": 0.8721021577643038,
    "mcc": 0.8064885554294341,
    "specificity": 0.9148200230807602,
    "auc": 0.9806700680692795,
    "auprc": 0.9574907834624388,
    "top_k_acc": 0.9979179528150004,
    "balanced_acc": 0.8335772269966372
  },
  "confusion_matrix": [
    [
      53890,
      549,
      665
    ],
    [
      2457,
      11310,
      9
    ],
    [
      4076,
      19,
      9636
    ]
  ]
}