{
  "ratio": "9_1_1",
  "set": "set_1",
  "metrics": {
    "accuracy": 0.8335392292226824,
    "precision": 0.8803909475871351,
    "recall": 0.8333957519676011,
    "f1": 0.8372744151446634,
    "mcc": 0.7706838382357296,
    "specificity": 0.9167277112061899,
    "auc": 0.9835219190941894,
    "auprc": 0.96716044096289,
    "top_k_acc": 0.9958336361214059,
    "balanced_acc": 0.8333957519676011
  },
  "confusion_matrix": [
    [
      13465,
      144,
      167
    ],
    [
      2457,
      11310,
      9
    ],
    [
      4076,
      19,
      9636
    ]
  ]
}