{
  "ratio": "9_1_1",
  "set": "set_1",
  "metrics": {
    "accuracy": 0.9728518302293107,
    "precision": 0.5986319892380708,
    "recall": 0.8332806794743868,
    "f1": 0.6784495045572648,
    "mcc": 0.5428761888622675,
    "specificity": 0.9132609757715541,
    "auc": 0.9784588700272288,
    "auprc": 0.7511959458979138,
    "top_k_acc": 0.999873116076692,
    "balanced_acc": 0.8332806794743868
  },
  "confusion_matrix": [
    [
      1343826,
      14103,
      17421
    ],
    [
      2457,
      11310,
      9
    ],
    [
      4076,
      19,
      9636
    ]
  ]
}