{
  "ratio": "9_1_1",
  "set": "set_1",
  "metrics": {
    "accuracy": 0.8694309740460233,
    "precision": 0.9144389462769218,
    "recall": 0.8333231619559868,
    "f1": 0.8620129933837721,
    "mcc": 0.794805404538892,
    "specificity": 0.9155385950123831,
    "auc": 0.9818121408785409,
    "auprc": 0.9671245899449895,
    "top_k_acc": 0.9968760783886377,
    "balanced_acc": 0.8333231619559868
  },
  "confusion_matrix": [
    [
      26924,
      285,
      343
    ],
    [
      2457,
      11310,
      9
    ],
    [
      4076,
      19,
      9636
    ]
  ]
}