{
  "best_metrics": {
    "accuracy": 0.9468906652215147,
    "precision": 0.9078277703785148,
    "recall": 0.8663383212729326,
    "specificity": 0.9304101604755998,
    "f1": 0.8859792155188551,
    "mcc": 0.8242079063506937,
    "auc": 0.9828493622353873,
    "balanced_acc": 0.8663383212729326
  },
  "training_history": {
    "train_loss": [
      0.17779208194997242,
      0.15837131776790558,
      0.15484614244588746,
      0.15269222422032896,
      0.15129289389606243,
      0.15005591822718298,
      0.149303557295276,
      0.14852989705712275,
      0.14794730951639093,
      0.14749107616784082,
      0.1473268736069178,
      0.1469216496297557,
      0.14657559159198164,
      0.1465456495230439,
      0.14617820192314812,
      0.14609214468628087,
      0.1460478212020035,
      0.14606118462748516,
      0.1460493976453085,
      0.14567673488115176,
      0.1456364656858976,
      0.14544559072751712
    ],
    "val_loss": [
      0.16098119710210226,
      0.15353826058410577,
      0.15166463242719336,
      0.14963481440402396,
      0.14900727564291966,
      0.1478224245606371,
      0.14826764230577122,
      0.14712330589358164,
      0.14778915273667487,
      0.15132069996031952,
      0.14733049339694362,
      0.14727279864597773,
      0.14696252277397784,
      0.14687309388916395,
      0.14644922848909753,
      0.14709112185962064,
      0.1471611859929588,
      0.14663927234322727,
      0.14794210580149514,
      0.14694482438307813,
      0.1479799540930802,
      0.147241524667348
    ]
  }
}