{
  "ratio": "2_1_1",
  "set": "set_6",
  "metrics": {
    "accuracy": 0.9168391618549587,
    "precision": 0.8887874627531822,
    "recall": 0.9060476773480085,
    "f1": 0.8970684027474595,
    "mcc": 0.8362456347859044,
    "specificity": 0.9462518678977497,
    "auc": 0.9802312170895134,
    "auprc": 0.9567675232099607,
    "top_k_acc": 0.9979784774424714,
    "balanced_acc": 0.9060476773480085
  },
  "confusion_matrix": [
    [
      51114,
      1478,
      2512
    ],
    [
      1227,
      12532,
      17
    ],
    [
      1589,
      47,
      12095
    ]
  ]
}