{
  "ratio": "2_1_1",
  "set": "set_6",
  "metrics": {
    "accuracy": 0.924862619639778,
    "precision": 0.4674794033446659,
    "recall": 0.9053351510317214,
    "f1": 0.5387926222299105,
    "mcc": 0.4021978354580566,
    "specificity": 0.9412574172817344,
    "auc": 0.9777567473257841,
    "auprc": 0.7430918581763816,
    "top_k_acc": 0.9994411404726212,
    "balanced_acc": 0.9053351510317214
  },
  "confusion_matrix": [
    [
      1272823,
      38337,
      64190
    ],
    [
      1227,
      12532,
      17
    ],
    [
      1589,
      47,
      12095
    ]
  ]
}