{
  "ratio": "2_1_1",
  "set": "set_6",
  "metrics": {
    "accuracy": 0.9060388053193809,
    "precision": 0.9121670812003906,
    "recall": 0.9060113823422014,
    "f1": 0.907244497517471,
    "mcc": 0.8609391388839247,
    "specificity": 0.9530061139647824,
    "auc": 0.9834570763275953,
    "auprc": 0.9669916674183939,
    "top_k_acc": 0.9963423200833272,
    "balanced_acc": 0.9060113823422014
  },
  "confusion_matrix": [
    [
      12777,
      393,
      606
    ],
    [
      1227,
      12532,
      17
    ],
    [
      1589,
      47,
      12095
    ]
  ]
}