{
  "ratio": "2_1_1",
  "set": "set_6",
  "metrics": {
    "accuracy": 0.9214846279051474,
    "precision": 0.8006098640415878,
    "recall": 0.905754897634497,
    "f1": 0.8453888738516143,
    "mcc": 0.7651435719704038,
    "specificity": 0.9435239843831867,
    "auc": 0.9789363031057613,
    "auprc": 0.9253059620159084,
    "top_k_acc": 0.9987474813483636,
    "balanced_acc": 0.905754897634497
  },
  "confusion_matrix": [
    [
      127664,
      3693,
      6403
    ],
    [
      1227,
      12532,
      17
    ],
    [
      1589,
      47,
      12095
    ]
  ]
}