{
  "ratio": "2_1_1",
  "set": "set_6",
  "metrics": {
    "accuracy": 0.9107502860567754,
    "precision": 0.9145618967300827,
    "recall": 0.905575842272515,
    "f1": 0.9098805872754335,
    "mcc": 0.8565604149270218,
    "specificity": 0.9489467636892447,
    "auc": 0.9815483041297909,
    "auprc": 0.9667539692882373,
    "top_k_acc": 0.9971666757478341,
    "balanced_acc": 0.905575842272515
  },
  "confusion_matrix": [
    [
      25518,
      755,
      1279
    ],
    [
      1227,
      12532,
      17
    ],
    [
      1589,
      47,
      12095
    ]
  ]
}