{
  "best_metrics": {
    "accuracy": 0.9185206207689006,
    "precision": 0.9185876510740871,
    "recall": 0.9169216787317027,
    "specificity": 0.9545258543856137,
    "f1": 0.9177073045169087,
    "mcc": 0.8692430598039308,
    "auc": 0.9843134960620934,
    "balanced_acc": 0.9169216787317027
  },
  "training_history": {
    "train_loss": [
      0.26517769145195225,
      0.2286450873413871,
      0.21851084462224216,
      0.21109258363528102,
      0.20509536048258006,
      0.19972202118329835,
      0.19478916386485512,
      0.1896062130977116,
      0.18507504406600955,
      0.18044911453151766,
      0.17587480896453297,
      0.17194254438244838,
      0.16835338488422158
    ],
    "val_loss": [
      0.23752506560695932,
      0.2293431878047821,
      0.2246197107404443,
      0.22087871210419774,
      0.21725538330950958,
      0.21649388495914734,
      0.21863545227631373,
      0.217667702458537,
      0.2184584821860067,
      0.22029852004512349,
      0.2212024953288981,
      0.2236834641785775,
      0.22595181906207454
    ]
  }
}