{
  "best_metrics": {
    "accuracy": 0.9199001525447233,
    "precision": 0.9202685281782704,
    "recall": 0.9199844491094296,
    "specificity": 0.9599225062051869,
    "f1": 0.9201066547629466,
    "mcc": 0.8798642329060015,
    "auc": 0.9856165430662976,
    "balanced_acc": 0.9199844491094296
  },
  "training_history": {
    "train_loss": [
      0.25577207762874427,
      0.22274037908162733,
      0.21248826963484405,
      0.20546532252471356,
      0.1998607882027271,
      0.19431260592987287,
      0.19001238316942803,
      0.1844478326864723,
      0.17934102878852123,
      0.17520222542898004,
      0.1705846420717965,
      0.16655561598091367,
      0.16242603897404734
    ],
    "val_loss": [
      0.22648735889663082,
      0.215209096979567,
      0.21625283426965802,
      0.2148213311184661,
      0.21214661278236657,
      0.21161706131021385,
      0.21326861567635128,
      0.2117708196233007,
      0.21494056243635948,
      0.21434743038406595,
      0.21378366758631298,
      0.21582842177419068,
      0.22132105532022256
    ]
  }
}