{
    "test_file": "test_2_1_1.csv",
    "ratio": "2_1_1",
    "config": {
        "window_radius": 25,
        "temperature": 0.7,
        "use_fixed_threshold": true,
        "threshold_value": 1e-05,
        "fix_reversed_labels": true
    },
    "confusion_matrix": [
        [
            15666,
            1146,
            832
        ],
        [
            892,
            7858,
            72
        ],
        [
            757,
            85,
            7824
        ]
    ],
    "metrics": {
        "accuracy": 0.8922919275873847,
        "precision": 0.8885838369141613,
        "recall": 0.8938201025490878,
        "f1": 0.891106687838389,
        "mcc": 0.828109878730974,
        "specificity": 0.9415871484229988,
        "auc": 0.9610228826628125,
        "auprc": 0.9203674473416535,
        "top_k_acc": 0.9849709666401002,
        "balanced_acc": 0.8938201025490878
    }
}