{
    "test_file": "test_1_1_1.csv",
    "ratio": "1_1_1",
    "window_radius": 25,
    "temperature": 0.7,
    "top_splice_ratio": 0.3,
    "num_samples": 26310,
    "metrics": {
        "accuracy": 0.3299885974914481,
        "precision": 0.16005954235609923,
        "recall": 0.32805781111914,
        "f1": 0.21372280489227777,
        "mcc": -0.008049895102583282,
        "specificity": 0.6646227264326914,
        "auc": 0.4396290849662808,
        "auprc": 0.43689489601893244,
        "top_k_acc": 0.3557202584568605,
        "balanced_acc": 0.32805781111914
    }
}