{
    "test_file": "test_2_1_1.csv",
    "ratio": "2_1_1",
    "window_radius": 25,
    "temperature": 0.7,
    "top_splice_ratio": 0.3,
    "num_samples": 35132,
    "metrics": {
        "accuracy": 0.4901514288967323,
        "precision": 0.23599820398137117,
        "recall": 0.32632313292536724,
        "f1": 0.2734599480387449,
        "mcc": 0.11866009579220761,
        "specificity": 0.7259928872725122,
        "auc": 0.47655333088324553,
        "auprc": 0.41969211079658436,
        "top_k_acc": 0.5175054081748833,
        "balanced_acc": 0.32632313292536724
    }
}