{
    "test_file": "test_100_1_1.csv",
    "ratio": "100_1_1",
    "window_radius": 25,
    "temperature": 0.7,
    "top_splice_ratio": 0.3,
    "num_samples": 864089,
    "metrics": {
        "accuracy": 0.6994962324482779,
        "precision": 0.3336006070559779,
        "recall": 0.24770176885753545,
        "f1": 0.2784598621583744,
        "mcc": 0.07478272440505025,
        "specificity": 0.8850887896062524,
        "auc": 0.5479549377043113,
        "auprc": 0.3371530641010474,
        "top_k_acc": 0.9818537210866011,
        "balanced_acc": 0.24770176885753545
    }
}