{
    "test_file": "test_10_1_1.csv",
    "ratio": "10_1_1",
    "window_radius": 25,
    "temperature": 0.7,
    "top_splice_ratio": 0.3,
    "num_samples": 105708,
    "metrics": {
        "accuracy": 0.6906005221932114,
        "precision": 0.3322983539833618,
        "recall": 0.28294310224480756,
        "f1": 0.3047889146713714,
        "mcc": 0.2223576454279826,
        "specificity": 0.8688248987519165,
        "auc": 0.5303630225918384,
        "auprc": 0.36567893631804504,
        "top_k_acc": 0.8396431679721497,
        "balanced_acc": 0.28294310224480756
    }
}