{
    "test_file": "test_4_1_1.csv",
    "ratio": "4_1_1",
    "window_radius": 25,
    "temperature": 0.7,
    "top_splice_ratio": 0.3,
    "num_samples": 52776,
    "metrics": {
        "accuracy": 0.6410489616492345,
        "precision": 0.30827332788562806,
        "recall": 0.32219398745581274,
        "f1": 0.3150612485194108,
        "mcc": 0.25622046776574875,
        "specificity": 0.8197963394631854,
        "auc": 0.5058322304428275,
        "auprc": 0.3947438114776085,
        "top_k_acc": 0.6788123389419433,
        "balanced_acc": 0.32219398745581274
    }
}