{
  "ratio": "4_1_1",
  "set": "set_8",
  "metrics": {
    "accuracy": 0.8890826732553351,
    "precision": 0.9046913544182198,
    "recall": 0.889019076175031,
    "f1": 0.8912231798013965,
    "mcc": 0.839484914537645,
    "specificity": 0.9445190110408809,
    "auc": 0.9842374333569691,
    "auprc": 0.9690634057849247,
    "top_k_acc": 0.9961969818084926,
    "balanced_acc": 0.889019076175031
  },
  "confusion_matrix": [
    [
      13122,
      266,
      388
    ],
    [
      1588,
      12176,
      12
    ],
    [
      2296,
      29,
      11406
    ]
  ]
}