{
  "ratio": "4_1_1",
  "set": "set_8",
  "metrics": {
    "accuracy": 0.936551156613238,
    "precision": 0.845389740689883,
    "recall": 0.8889682631669009,
    "f1": 0.8659075539735461,
    "mcc": 0.7920745190685156,
    "specificity": 0.9384091411745272,
    "auc": 0.9800031505781824,
    "auprc": 0.9278686653222593,
    "top_k_acc": 0.9989895139380518,
    "balanced_acc": 0.8889682631669009
  },
  "confusion_matrix": [
    [
      131199,
      2496,
      4065
    ],
    [
      1588,
      12176,
      12
    ],
    [
      2296,
      29,
      11406
    ]
  ]
}