{
  "ratio": "4_1_1",
  "set": "set_8",
  "metrics": {
    "accuracy": 0.9046114168437495,
    "precision": 0.9202858221283855,
    "recall": 0.8887892078049187,
    "f1": 0.9024711480376353,
    "mcc": 0.8468848204529967,
    "specificity": 0.9418947458659771,
    "auc": 0.9824274013414668,
    "auprc": 0.9684086439651697,
    "top_k_acc": 0.997094026408035,
    "balanced_acc": 0.8887892078049187
  },
  "confusion_matrix": [
    [
      26225,
      513,
      814
    ],
    [
      1588,
      12176,
      12
    ],
    [
      2296,
      29,
      11406
    ]
  ]
}