{
  "ratio": "4_1_1",
  "set": "set_8",
  "metrics": {
    "accuracy": 0.920809577417051,
    "precision": 0.9093966108866424,
    "recall": 0.8890130270073965,
    "f1": 0.8988367794094193,
    "mcc": 0.8394397117026378,
    "specificity": 0.940066971488072,
    "auc": 0.9811554540494818,
    "auprc": 0.9583668513883565,
    "top_k_acc": 0.9980390020699422,
    "balanced_acc": 0.8890130270073965
  },
  "confusion_matrix": [
    [
      52487,
      1005,
      1612
    ],
    [
      1588,
      12176,
      12
    ],
    [
      2296,
      29,
      11406
    ]
  ]
}