{
  "ratio": "4_1_1",
  "set": "set_8",
  "metrics": {
    "accuracy": 0.9494075304895653,
    "precision": 0.5112702230401953,
    "recall": 0.8885935320827173,
    "f1": 0.5957665881770724,
    "mcc": 0.4606264906327755,
    "specificity": 0.9368341400560336,
    "auc": 0.9788633273808715,
    "auprc": 0.7506661130381383,
    "top_k_acc": 0.9997775967186961,
    "balanced_acc": 0.8885935320827173
  },
  "confusion_matrix": [
    [
      1308301,
      25841,
      41208
    ],
    [
      1588,
      12176,
      12
    ],
    [
      2296,
      29,
      11406
    ]
  ]
}