{
  "best_metrics": {
    "accuracy": 0.928123905872814,
    "precision": 0.9115932557147737,
    "recall": 0.9057766086968565,
    "specificity": 0.9483126786483941,
    "f1": 0.908635074457569,
    "mcc": 0.8548244604318518,
    "auc": 0.9837427286589621,
    "balanced_acc": 0.9057766086968565
  },
  "training_history": {
    "train_loss": [
      0.23633551445716403,
      0.2070926636485936,
      0.1993893649171013,
      0.1946061503715716,
      0.19073323943787793,
      0.18773489394071374,
      0.1846532504189158,
      0.18234776778564524,
      0.1797744464713177,
      0.17785759590705255,
      0.1757804212002278,
      0.1739489831723086,
      0.17177700485560257,
      0.17063096179263773,
      0.1688229619456252,
      0.16730197599640692,
      0.16612799296236028
    ],
    "val_loss": [
      0.20871846800662855,
      0.20320075458489523,
      0.19867176500998393,
      0.19560294376815718,
      0.19564609334759994,
      0.1948924328398893,
      0.1936169430844997,
      0.19432852242248297,
      0.19516366604954272,
      0.1929273986850675,
      0.19373938053610762,
      0.1943520454213001,
      0.19367952506404296,
      0.1953476550093948,
      0.19417076034602748,
      0.19533972588424067,
      0.19731113695841532
    ]
  }
}