{
  "ratio": "4_1_1",
  "set": "set_4",
  "metrics": {
    "accuracy": 0.8817673134219897,
    "precision": 0.9003555229681135,
    "recall": 0.8816836892384967,
    "f1": 0.8840013282650593,
    "mcc": 0.8299117308429885,
    "specificity": 0.9408585052597952,
    "auc": 0.983421472271008,
    "auprc": 0.9673673301658418,
    "top_k_acc": 0.9956156287091539,
    "balanced_acc": 0.8816836892384967
  },
  "confusion_matrix": [
    [
      13153,
      274,
      349
    ],
    [
      1571,
      12196,
      9
    ],
    [
      2637,
      41,
      11053
    ]
  ]
}