{
  "ratio": "4_1_1",
  "set": "set_4",
  "metrics": {
    "accuracy": 0.9380396570398204,
    "precision": 0.8521493601740614,
    "recall": 0.8822837666678424,
    "f1": 0.8666563848084552,
    "mcc": 0.7935495010840873,
    "specificity": 0.935736656784178,
    "auc": 0.9793089358930658,
    "auprc": 0.9266625374507872,
    "top_k_acc": 0.9988382435694967,
    "balanced_acc": 0.8822837666678424
  },
  "confusion_matrix": [
    [
      131778,
      2543,
      3439
    ],
    [
      1571,
      12196,
      9
    ],
    [
      2637,
      41,
      11053
    ]
  ]
}