{
  "ratio": "4_1_1",
  "set": "set_4",
  "metrics": {
    "accuracy": 0.9527763699364938,
    "precision": 0.5163441327342463,
    "recall": 0.8817341605006529,
    "f1": 0.6021906121656273,
    "mcc": 0.46884097377364986,
    "specificity": 0.9341196545260025,
    "auc": 0.9781212200861921,
    "auprc": 0.7491123802679795,
    "top_k_acc": 0.9997840121979645,
    "balanced_acc": 0.8817341605006529
  },
  "confusion_matrix": [
    [
      1313360,
      26516,
      35474
    ],
    [
      1571,
      12196,
      9
    ],
    [
      2637,
      41,
      11053
    ]
  ]
}