{
  "ratio": "4_1_1",
  "set": "set_4",
  "metrics": {
    "accuracy": 0.9195143503891734,
    "precision": 0.9117032682972215,
    "recall": 0.8822946551695846,
    "f1": 0.8960906608432705,
    "mcc": 0.8361733580176133,
    "specificity": 0.9371906628399324,
    "auc": 0.9805335312893245,
    "auprc": 0.9575182134979268,
    "top_k_acc": 0.9977726937090702,
    "balanced_acc": 0.8822946551695846
  },
  "confusion_matrix": [
    [
      52713,
      1047,
      1344
    ],
    [
      1571,
      12196,
      9
    ],
    [
      2637,
      41,
      11053
    ]
  ]
}