{
  "ratio": "4_1_1",
  "set": "set_4",
  "metrics": {
    "accuracy": 0.8999436967616556,
    "precision": 0.9184831067898335,
    "recall": 0.8816231975621514,
    "f1": 0.8971197281356308,
    "mcc": 0.8396838403378932,
    "specificity": 0.9385085131921791,
    "auc": 0.981657648228491,
    "auprc": 0.9670897826557704,
    "top_k_acc": 0.9966944550391398,
    "balanced_acc": 0.8816231975621514
  },
  "confusion_matrix": [
    [
      26301,
      541,
      710
    ],
    [
      1571,
      12196,
      9
    ],
    [
      2637,
      41,
      11053
    ]
  ]
}