{
  "best_metrics": {
    "accuracy": 0.9272762452319089,
    "precision": 0.9138850270818512,
    "recall": 0.9006946608016048,
    "specificity": 0.9460949716032226,
    "f1": 0.9071195719430462,
    "mcc": 0.8526510227364966,
    "auc": 0.9837870324252549,
    "balanced_acc": 0.9006946608016048
  },
  "training_history": {
    "train_loss": [
      0.23624784166213975,
      0.20652189236028232,
      0.19885205392988897,
      0.19428709521699492,
      0.19036052371837922,
      0.18708480371607816,
      0.18417343643786083,
      0.18159068881525683,
      0.17941401589995937,
      0.177216969831598,
      0.17520490589085536,
      0.1733776730051458,
      0.17167659884474093,
      0.16992970108260985,
      0.16854466187753842
    ],
    "val_loss": [
      0.21031373549336294,
      0.2032576975237221,
      0.19775404334496657,
      0.19640844531571056,
      0.19528487709222667,
      0.19460442178274664,
      0.1929162937346599,
      0.1927888801977897,
      0.1941777004110351,
      0.1934369184617865,
      0.19525089195318007,
      0.1950210099224823,
      0.1942164673073642,
      0.19574010428288008,
      0.19596694541622875
    ]
  }
}