{
  "ratio": "4_1_1",
  "set": "set_5",
  "metrics": {
    "accuracy": 0.9206037936836499,
    "precision": 0.9109217845620449,
    "recall": 0.8864464802953141,
    "f1": 0.8981217633978332,
    "mcc": 0.8387091389005402,
    "specificity": 0.9390021416270006,
    "auc": 0.9804331296731993,
    "auprc": 0.9573457239954166,
    "top_k_acc": 0.998026897144448,
    "balanced_acc": 0.8864464802953141
  },
  "confusion_matrix": [
    [
      52605,
      983,
      1516
    ],
    [
      1547,
      12215,
      14
    ],
    [
      2472,
      27,
      11232
    ]
  ]
}