{
  "ratio": "4_1_1",
  "set": "set_5",
  "metrics": {
    "accuracy": 0.9374224739361156,
    "precision": 0.848859289004353,
    "recall": 0.8863630017819576,
    "f1": 0.8667253536935808,
    "mcc": 0.7933373812464105,
    "specificity": 0.9373869323833297,
    "auc": 0.9792437083350788,
    "auprc": 0.9269819973094128,
    "top_k_acc": 0.9989834631233095,
    "balanced_acc": 0.8863630017819576
  },
  "confusion_matrix": [
    [
      131478,
      2463,
      3819
    ],
    [
      1547,
      12215,
      14
    ],
    [
      2472,
      27,
      11232
    ]
  ]
}