{
  "ratio": "4_1_1",
  "set": "set_5",
  "metrics": {
    "accuracy": 0.8862727999418647,
    "precision": 0.903115797335964,
    "recall": 0.8861984644222983,
    "f1": 0.8884402134499831,
    "mcc": 0.8358660021430985,
    "specificity": 0.9431131499121731,
    "auc": 0.9834632562047196,
    "auprc": 0.9674300212344394,
    "top_k_acc": 0.9961000896252695,
    "balanced_acc": 0.8861984644222983
  },
  "confusion_matrix": [
    [
      13141,
      257,
      378
    ],
    [
      1547,
      12215,
      14
    ],
    [
      2472,
      27,
      11232
    ]
  ]
}