{
  "ratio": "4_1_1",
  "set": "set_5",
  "metrics": {
    "accuracy": 0.9512644553222459,
    "precision": 0.5147081531504079,
    "recall": 0.8859772569771404,
    "f1": 0.6000704554225362,
    "mcc": 0.4657498655173888,
    "specificity": 0.9358556816068555,
    "auc": 0.9780857038477021,
    "auprc": 0.7493447155663248,
    "top_k_acc": 0.9997947046634119,
    "balanced_acc": 0.8859772569771404
  },
  "confusion_matrix": [
    [
      1311041,
      25713,
      38596
    ],
    [
      1547,
      12215,
      14
    ],
    [
      2472,
      27,
      11232
    ]
  ]
}