{
  "ratio": "4_1_1",
  "set": "set_5",
  "metrics": {
    "accuracy": 0.9032310793875661,
    "precision": 0.9203093574562501,
    "recall": 0.8862226610928365,
    "f1": 0.9008111633891915,
    "mcc": 0.8448229939733773,
    "specificity": 0.9407347807992837,
    "auc": 0.9817015600919642,
    "auprc": 0.9671893467764677,
    "top_k_acc": 0.9970577017381355,
    "balanced_acc": 0.8862226610928365
  },
  "confusion_matrix": [
    [
      26284,
      502,
      766
    ],
    [
      1547,
      12215,
      14
    ],
    [
      2472,
      27,
      11232
    ]
  ]
}