{
  "best_metrics": {
    "accuracy": 0.9280179482927009,
    "precision": 0.9124575874336439,
    "recall": 0.9046927268668674,
    "specificity": 0.9479161304011319,
    "f1": 0.9085196341465278,
    "mcc": 0.8548029203531335,
    "auc": 0.9842542812854086,
    "balanced_acc": 0.9046927268668674
  },
  "training_history": {
    "train_loss": [
      0.23674661200858516,
      0.20740615961581424,
      0.19984959977187033,
      0.19468896418834797,
      0.19127293924414696,
      0.1879348569198449,
      0.1855789541129995,
      0.18244364288284368,
      0.18017606310873993,
      0.17811095148247144,
      0.1762134126341796,
      0.17395187454848798,
      0.17236935180885773,
      0.1706223930813605,
      0.16919915159644663,
      0.1680212114945075,
      0.16695203964882735,
      0.16533768496892362,
      0.16431752722657614
    ],
    "val_loss": [
      0.20737177058020545,
      0.19960267522825054,
      0.20026277554934305,
      0.19579905068608336,
      0.19216321989368623,
      0.19200270217358445,
      0.19201905928342228,
      0.19831933420323297,
      0.1908663482760101,
      0.19196503717071775,
      0.1921258906108207,
      0.19067088774699006,
      0.19218169960744422,
      0.19326896437357793,
      0.1923553778471053,
      0.1929771715155692,
      0.19696954022753524,
      0.19814149379221685,
      0.19637980630948865
    ]
  }
}