{
  "ratio": "1_1_1",
  "set": "set_9",
  "metrics": {
    "accuracy": 0.903648813091411,
    "precision": 0.8960863391347247,
    "recall": 0.9134736207337415,
    "f1": 0.9038703519261474,
    "mcc": 0.848780970090782,
    "specificity": 0.9501823806337989,
    "auc": 0.9808886105759197,
    "auprc": 0.965331150340873,
    "top_k_acc": 0.9962767213352949,
    "balanced_acc": 0.9134736207337415
  },
  "confusion_matrix": [
    [
      24086,
      1604,
      1862
    ],
    [
      606,
      13146,
      24
    ],
    [
      1125,
      84,
      12522
    ]
  ]
}