{
  "ratio": "1_1_1",
  "set": "set_9",
  "metrics": {
    "accuracy": 0.8932466620667949,
    "precision": 0.844150389910674,
    "recall": 0.913183260687284,
    "f1": 0.8735592672608968,
    "mcc": 0.8048980671643851,
    "specificity": 0.9447120202773824,
    "auc": 0.9794660093005071,
    "auprc": 0.9548398321633232,
    "top_k_acc": 0.9968769292225006,
    "balanced_acc": 0.913183260687284
  },
  "confusion_matrix": [
    [
      48124,
      3172,
      3808
    ],
    [
      606,
      13146,
      24
    ],
    [
      1125,
      84,
      12522
    ]
  ]
}