{
  "ratio": "1_1_1",
  "set": "set_9",
  "metrics": {
    "accuracy": 0.9141535256643171,
    "precision": 0.9141810826286353,
    "recall": 0.9141511275088093,
    "f1": 0.9141010834361945,
    "mcc": 0.8712891547165035,
    "specificity": 0.9570714858053025,
    "auc": 0.9829550875084472,
    "auprc": 0.9656091525565454,
    "top_k_acc": 0.9956156287091539,
    "balanced_acc": 0.9141511275088093
  },
  "confusion_matrix": [
    [
      12071,
      813,
      892
    ],
    [
      606,
      13146,
      24
    ],
    [
      1125,
      84,
      12522
    ]
  ]
}