{
  "ratio": "1_1_1",
  "set": "set_9",
  "metrics": {
    "accuracy": 0.8730412294339337,
    "precision": 0.41818477405953797,
    "recall": 0.9126861735135704,
    "f1": 0.46028582130790113,
    "mcc": 0.32557013909767785,
    "specificity": 0.9367003625008893,
    "auc": 0.9768190076932112,
    "auprc": 0.7347579197401313,
    "top_k_acc": 0.9978615069105404,
    "balanced_acc": 0.9126861735135704
  },
  "confusion_matrix": [
    [
      1199084,
      80199,
      96067
    ],
    [
      606,
      13146,
      24
    ],
    [
      1125,
      84,
      12522
    ]
  ]
}