{
  "ratio": "1_1_1",
  "set": "set_9",
  "metrics": {
    "accuracy": 0.8830014461447234,
    "precision": 0.7245188579014434,
    "recall": 0.9130695363357547,
    "f1": 0.7924528166894027,
    "mcc": 0.7023257800158851,
    "specificity": 0.9402926481069543,
    "auc": 0.9781620560032039,
    "auprc": 0.9224210406254484,
    "top_k_acc": 0.9974828610672427,
    "balanced_acc": 0.9130695363357547
  },
  "confusion_matrix": [
    [
      120263,
      7877,
      9620
    ],
    [
      606,
      13146,
      24
    ],
    [
      1125,
      84,
      12522
    ]
  ]
}