{
  "best_metrics": {
    "accuracy": 0.9194656312115749,
    "precision": 0.9191644690388475,
    "recall": 0.9196153830824635,
    "specificity": 0.9597192850153015,
    "f1": 0.919287556296128,
    "mcc": 0.8792968880210147,
    "auc": 0.9857921725385417,
    "balanced_acc": 0.9196153830824635
  },
  "training_history": {
    "train_loss": [
      0.26254284036353986,
      0.2228089473647142,
      0.21087291875160194,
      0.2021989547587859,
      0.19428669592330514,
      0.18711982283463435,
      0.18088710947187928,
      0.17404157324498906,
      0.1683433855149501,
      0.1620855448122524,
      0.1558434108365699,
      0.15078178397652825
    ],
    "val_loss": [
      0.22918702181004533,
      0.2217753574865864,
      0.21773076688679038,
      0.21244811863182422,
      0.2107422414964409,
      0.2162449205933731,
      0.2108552748286674,
      0.21261090373869485,
      0.21359041981112856,
      0.21794567527918898,
      0.22006135899765572,
      0.2246530050058027
    ]
  }
}