{
  "ratio": "9_1_1",
  "set": "set_2",
  "metrics": {
    "accuracy": 0.9081115105736525,
    "precision": 0.927870199856081,
    "recall": 0.8378149748853678,
    "f1": 0.8753203149225494,
    "mcc": 0.8112515910347251,
    "specificity": 0.9169477636885176,
    "auc": 0.9815181197470934,
    "auprc": 0.9592604699405918,
    "top_k_acc": 0.9981963661013666,
    "balanced_acc": 0.8378149748853678
  },
  "confusion_matrix": [
    [
      53902,
      576,
      626
    ],
    [
      2331,
      11440,
      5
    ],
    [
      4032,
      21,
      9678
    ]
  ]
}