{
  "ratio": "9_1_1",
  "set": "set_2",
  "metrics": {
    "accuracy": 0.9729081438806664,
    "precision": 0.598586192935274,
    "recall": 0.8374232976343402,
    "f1": 0.6794509146589339,
    "mcc": 0.5460411938971718,
    "specificity": 0.9152992146768942,
    "auc": 0.979334371002602,
    "auprc": 0.7536936568305562,
    "top_k_acc": 0.9998816700490499,
    "balanced_acc": 0.8374232976343402
  },
  "confusion_matrix": [
    [
      1343733,
      14937,
      16680
    ],
    [
      2331,
      11440,
      5
    ],
    [
      4032,
      21,
      9678
    ]
  ]
}