{
  "ratio": "9_1_1",
  "set": "set_2",
  "metrics": {
    "accuracy": 0.9431465446822415,
    "precision": 0.900612672734681,
    "recall": 0.8378101355512603,
    "f1": 0.8663037713058209,
    "mcc": 0.7963018672721746,
    "specificity": 0.9162197258995349,
    "auc": 0.9804544194140252,
    "auprc": 0.929803233940672,
    "top_k_acc": 0.9990863269739271,
    "balanced_acc": 0.8378101355512603
  },
  "confusion_matrix": [
    [
      134753,
      1428,
      1579
    ],
    [
      2331,
      11440,
      5
    ],
    [
      4032,
      21,
      9678
    ]
  ]
}