{
  "ratio": "9_1_1",
  "set": "set_2",
  "metrics": {
    "accuracy": 0.8380447157425575,
    "precision": 0.8830472119217667,
    "recall": 0.8378996632322514,
    "f1": 0.8415556615573454,
    "mcc": 0.7766642881666505,
    "specificity": 0.9189811881165335,
    "auc": 0.9843724314804803,
    "auprc": 0.9692613278681099,
    "top_k_acc": 0.9964149892207446,
    "balanced_acc": 0.8378996632322514
  },
  "confusion_matrix": [
    [
      13479,
      151,
      146
    ],
    [
      2331,
      11440,
      5
    ],
    [
      4032,
      21,
      9678
    ]
  ]
}