{
  "ratio": "9_1_1",
  "set": "set_2",
  "metrics": {
    "accuracy": 0.8730089540311302,
    "precision": 0.9169503247418475,
    "recall": 0.8377907782148298,
    "f1": 0.8658754839963906,
    "mcc": 0.8005127962690896,
    "specificity": 0.9178162972635557,
    "auc": 0.982661679565,
    "auprc": 0.9688259700479004,
    "top_k_acc": 0.9972938120924826,
    "balanced_acc": 0.8377907782148298
  },
  "confusion_matrix": [
    [
      26949,
      300,
      303
    ],
    [
      2331,
      11440,
      5
    ],
    [
      4032,
      21,
      9678
    ]
  ]
}