{
  "best_metrics": {
    "accuracy": 0.9460175525749296,
    "precision": 0.9060980143519825,
    "recall": 0.8650824365745934,
    "specificity": 0.9298073596646032,
    "f1": 0.8844392986776092,
    "mcc": 0.8220441399213883,
    "auc": 0.9825770540699881,
    "balanced_acc": 0.8650824365745934
  },
  "training_history": {
    "train_loss": [
      0.17674082602211244,
      0.1586598111809276,
      0.15513165730980114,
      0.15286257122518546,
      0.15145517663128089,
      0.15010717557229367,
      0.1495085369244008,
      0.14880426704102742,
      0.14837992736310265,
      0.14770322487084692,
      0.14765804565439392,
      0.14730439237134668,
      0.1469609551557037,
      0.14683566654853544,
      0.14652978723399077,
      0.1461597221152312,
      0.1465247536297146,
      0.14622709591012653,
      0.14617993534950338,
      0.14606909237008323
    ],
    "val_loss": [
      0.1609162338315387,
      0.15523994161614632,
      0.152828940835366,
      0.15406970620458013,
      0.1505774008433042,
      0.14979388457268744,
      0.15303952852863395,
      0.1502070913184889,
      0.14860289871949575,
      0.1493361965686558,
      0.14860951351032375,
      0.14910647053846027,
      0.1481045348606679,
      0.1486544250116092,
      0.15235345043311554,
      0.14908400603582386,
      0.14913985767285637,
      0.15006404572347457,
      0.14980119061896713,
      0.14958021611042113
    ]
  }
}