{
  "ratio": "1_1_1",
  "set": "set_4",
  "metrics": {
    "accuracy": 0.8836132264371921,
    "precision": 0.4298495574051549,
    "recall": 0.9120485112514368,
    "f1": 0.4788834815893481,
    "mcc": 0.337860698985276,
    "specificity": 0.9378243469151807,
    "auc": 0.9768602181446687,
    "auprc": 0.7329734485310797,
    "top_k_acc": 0.9985978613643444,
    "balanced_acc": 0.9120485112514368
  },
  "confusion_matrix": [
    [
      1214092,
      57529,
      103729
    ],
    [
      872,
      12871,
      33
    ],
    [
      1064,
      47,
      12620
    ]
  ]
}