{
  "ratio": "1_1_1",
  "set": "set_4",
  "metrics": {
    "accuracy": 0.8979796879350208,
    "precision": 0.8534670514433603,
    "recall": 0.9123441484890832,
    "f1": 0.8788563556153801,
    "mcc": 0.8107660597837724,
    "specificity": 0.9451149546634537,
    "auc": 0.979368430237714,
    "auprc": 0.9543289520125097,
    "top_k_acc": 0.9973732311677621,
    "balanced_acc": 0.9123441484890832
  },
  "confusion_matrix": [
    [
      48692,
      2290,
      4122
    ],
    [
      872,
      12871,
      33
    ],
    [
      1064,
      47,
      12620
    ]
  ]
}