{
  "ratio": "1_1_1",
  "set": "set_4",
  "metrics": {
    "accuracy": 0.9121672359082431,
    "precision": 0.9128364074020033,
    "recall": 0.9121747717953163,
    "f1": 0.9124361414680774,
    "mcc": 0.868317859974395,
    "specificity": 0.9560802733794675,
    "auc": 0.9826569909554582,
    "auprc": 0.965799210086705,
    "top_k_acc": 0.9958336361214059,
    "balanced_acc": 0.9121747717953163
  },
  "confusion_matrix": [
    [
      12166,
      602,
      1008
    ],
    [
      872,
      12871,
      33
    ],
    [
      1064,
      47,
      12620
    ]
  ]
}