{
  "ratio": "1_1_1",
  "set": "set_4",
  "metrics": {
    "accuracy": 0.9049383388728455,
    "precision": 0.8994630535690772,
    "recall": 0.9121989684658542,
    "f1": 0.9052747294336063,
    "mcc": 0.8498889122549699,
    "specificity": 0.9499284342684288,
    "auc": 0.9806768064501847,
    "auprc": 0.9650938213822743,
    "top_k_acc": 0.9966581303692402,
    "balanced_acc": 0.9121989684658542
  },
  "confusion_matrix": [
    [
      24334,
      1166,
      2052
    ],
    [
      872,
      12871,
      33
    ],
    [
      1064,
      47,
      12620
    ]
  ]
}