{
  "ratio": "1_1_1",
  "set": "set_4",
  "metrics": {
    "accuracy": 0.8911700460467001,
    "precision": 0.7424494322916146,
    "recall": 0.9124893285123119,
    "f1": 0.805091481353499,
    "mcc": 0.7145342632112667,
    "specificity": 0.9412304635025764,
    "auc": 0.9781270528513403,
    "auprc": 0.9213057115758644,
    "top_k_acc": 0.9980879425414632,
    "balanced_acc": 0.9124893285123119
  },
  "confusion_matrix": [
    [
      121790,
      5615,
      10355
    ],
    [
      872,
      12871,
      33
    ],
    [
      1064,
      47,
      12620
    ]
  ]
}