{
  "best_metrics": {
    "accuracy": 0.9213793741043775,
    "precision": 0.9216017324812418,
    "recall": 0.9216571679693363,
    "specificity": 0.9606830755790335,
    "f1": 0.9215338794258444,
    "mcc": 0.8821609394660467,
    "auc": 0.9859094113853079,
    "balanced_acc": 0.9216571679693363
  },
  "training_history": {
    "train_loss": [
      0.26096351989129457,
      0.22174682882830965,
      0.2097821367916879,
      0.2013205545289697,
      0.19395410017598308,
      0.18731553586640926,
      0.18093466954601894,
      0.17482555858705334,
      0.16838528204855116,
      0.16241210488222055,
      0.15614247127565223,
      0.15095653089865962,
      0.14641065905999115,
      0.14153803984926897
    ],
    "val_loss": [
      0.22844917241180676,
      0.21968388831858462,
      0.21203523641352745,
      0.20912987756419435,
      0.20910030839066618,
      0.21304974081044234,
      0.20868562773150412,
      0.21043839694620672,
      0.2118965283429546,
      0.2136256688898812,
      0.21562281371152103,
      0.21839949086880886,
      0.2217587475849301,
      0.22396107213052904
    ]
  }
}