{
  "ratio": "4_1_1",
  "set": "set_6",
  "metrics": {
    "accuracy": 0.9010515991935923,
    "precision": 0.9192548283039254,
    "recall": 0.8831842793052607,
    "f1": 0.8983552398994635,
    "mcc": 0.8414595984636072,
    "specificity": 0.9392233068368222,
    "auc": 0.9816919571125462,
    "auprc": 0.9672489241209644,
    "top_k_acc": 0.9973119744274324,
    "balanced_acc": 0.8831842793052607
  },
  "confusion_matrix": [
    [
      26294,
      566,
      692
    ],
    [
      1507,
      12259,
      10
    ],
    [
      2646,
      27,
      11058
    ]
  ]
}