{
  "ratio": "4_1_1",
  "set": "set_6",
  "metrics": {
    "accuracy": 0.8830269118038903,
    "precision": 0.9010730921140233,
    "recall": 0.8829423125998792,
    "f1": 0.8851941575610877,
    "mcc": 0.831567764646649,
    "specificity": 0.941488489552253,
    "auc": 0.9833663947346416,
    "auprc": 0.9674137915499746,
    "top_k_acc": 0.9964392122665504,
    "balanced_acc": 0.8829423125998792
  },
  "confusion_matrix": [
    [
      13137,
      299,
      340
    ],
    [
      1507,
      12259,
      10
    ],
    [
      2646,
      27,
      11058
    ]
  ]
}