{
  "ratio": "4_1_1",
  "set": "set_6",
  "metrics": {
    "accuracy": 0.9371320348284896,
    "precision": 0.8488143432956826,
    "recall": 0.8834020493401038,
    "f1": 0.8653529320901066,
    "mcc": 0.7915481238432146,
    "specificity": 0.9359521093395973,
    "auc": 0.9791755140106494,
    "auprc": 0.9259383286725559,
    "top_k_acc": 0.9990742253444427,
    "balanced_acc": 0.8834020493401038
  },
  "confusion_matrix": [
    [
      131560,
      2720,
      3480
    ],
    [
      1507,
      12259,
      10
    ],
    [
      2646,
      27,
      11058
    ]
  ]
}