{
  "ratio": "4_1_1",
  "set": "set_6",
  "metrics": {
    "accuracy": 0.9196838193460919,
    "precision": 0.9111747096267077,
    "recall": 0.8836137702073125,
    "f1": 0.8965465595665023,
    "mcc": 0.8366506529462451,
    "specificity": 0.9376586459175141,
    "auc": 0.9804014972545497,
    "auprc": 0.9571220056675503,
    "top_k_acc": 0.9982084710268608,
    "balanced_acc": 0.8836137702073125
  },
  "confusion_matrix": [
    [
      52659,
      1093,
      1352
    ],
    [
      1507,
      12259,
      10
    ],
    [
      2646,
      27,
      11058
    ]
  ]
}