{
  "ratio": "4_1_1",
  "set": "set_6",
  "metrics": {
    "accuracy": 0.9518361458081614,
    "precision": 0.5129769136660641,
    "recall": 0.8830437737336032,
    "f1": 0.5985548555217787,
    "mcc": 0.4659524375989585,
    "specificity": 0.9344564354192405,
    "auc": 0.9780546829153994,
    "auprc": 0.7460647665394075,
    "top_k_acc": 0.9998096741150381,
    "balanced_acc": 0.8830437737336032
  },
  "confusion_matrix": [
    [
      1311973,
      28126,
      35251
    ],
    [
      1507,
      12259,
      10
    ],
    [
      2646,
      27,
      11058
    ]
  ]
}