{
  "best_metrics": {
    "accuracy": 0.9270136547072807,
    "precision": 0.9119499990114068,
    "recall": 0.9021143073759735,
    "specificity": 0.9468129902766681,
    "f1": 0.9069333408991517,
    "mcc": 0.8526919399216186,
    "auc": 0.983479037163287,
    "balanced_acc": 0.9021143073759735
  },
  "training_history": {
    "train_loss": [
      0.23574494819618466,
      0.20636679640768188,
      0.19888701358795646,
      0.19357095192772902,
      0.19029729755278557,
      0.18697725395897583,
      0.18412081854417914,
      0.18128827756421692,
      0.17899892818944899,
      0.17716050222193094,
      0.1746162597768295,
      0.17301995391180686,
      0.17131557698526806,
      0.169737677613875,
      0.16819049526007473,
      0.1667906288994906
    ],
    "val_loss": [
      0.2072713871387787,
      0.20577472589982385,
      0.19852458295430778,
      0.19877857103778246,
      0.19642079875068394,
      0.19611772000136118,
      0.19598293256362698,
      0.19475532875445548,
      0.19414405121550574,
      0.19668969633491737,
      0.1958039838373183,
      0.1960463380018167,
      0.19645111903965343,
      0.19513682704521526,
      0.19875969711091782,
      0.19806866513120244
    ]
  }
}