{
  "best_metrics": {
    "accuracy": 0.6998382101419128,
    "precision": 0.7622083666789609,
    "recall": 0.6985757650129848,
    "specificity": 0.8495435911625232,
    "f1": 0.687398895883158,
    "mcc": 0.5770674243428829,
    "auc": 0.9242517991119511,
    "balanced_acc": 0.6985757650129848
  },
  "training_history": {
    "train_loss": [
      0.8360940796758185,
      0.8851298971257413,
      0.9503822464749422,
      1.0053400935544576,
      1.0511107160114588,
      1.0806939982627066,
      1.0948430478456832,
      1.0985904666044592
    ],
    "val_loss": [
      0.8879641774622846,
      0.932623978108698,
      1.0164892930856213,
      1.0248045595521125,
      1.0710345436871722,
      1.0923046495295847,
      1.098583036665281,
      1.0985922961637755
    ]
  }
}