{
  "exp_name": "experiment_10_cross_attn_gated_fusion_all_features",
  "timestamp": "2026-01-18T17:14:37.883940",
  "best_val_loss": 0.15386464045824721,
  "test_results": {
    "acc": 0.9362121820449829,
    "auc": 0.933089554309845,
    "balanced_acc": 0.9330896139144897,
    "f1_macro": 0.9347143173217773,
    "mcc": 0.8697782754898071,
    "precision": 0.9396325349807739,
    "recall": 0.9104781150817871,
    "specificity": 0.9557010531425476,
    "loss": 0.16046998177682398
  },
  "epochs_trained": 6,
  "hparams": {
    "mode": "both",
    "fusion_method": "cross_attn",
    "use_gating": true,
    "feature_mode": "all",
    "lr": 0.0001,
    "dropout": 0.3,
    "batch_size": 128,
    "proj_dim": 512,
    "fusion_hidden": "[512, 256]",
    "patience": 5
  }
}