{
  "ratio": "2_1_1",
  "set": "set_10",
  "metrics": {
    "accuracy": 0.9198157759486534,
    "precision": 0.45903252835772285,
    "recall": 0.9069489522857502,
    "f1": 0.5271999492365952,
    "mcc": 0.39235272322753595,
    "specificity": 0.9412214087107403,
    "auc": 0.978358104454823,
    "auprc": 0.744311957052113,
    "top_k_acc": 0.9995216903789909,
    "balanced_acc": 0.9069489522857502
  },
  "confusion_matrix": [
    [
      1265604,
      43767,
      65979
    ],
    [
      1086,
      12670,
      20
    ],
    [
      1590,
      45,
      12096
    ]
  ]
}