{
  "ratio": "2_1_1",
  "set": "set_10",
  "metrics": {
    "accuracy": 0.9179388504662153,
    "precision": 0.7910738744983273,
    "recall": 0.9073640555239629,
    "f1": 0.8399912345893693,
    "mcc": 0.7587008914561248,
    "specificity": 0.9436231610381283,
    "auc": 0.9795168548233425,
    "auprc": 0.9254906827429226,
    "top_k_acc": 0.9987474813483636,
    "balanced_acc": 0.9073640555239629
  },
  "confusion_matrix": [
    [
      126939,
      4278,
      6543
    ],
    [
      1086,
      12670,
      20
    ],
    [
      1590,
      45,
      12096
    ]
  ]
}