{
  "ratio": "2_1_1",
  "set": "set_10",
  "metrics": {
    "accuracy": 0.914611855564029,
    "precision": 0.8833263139218251,
    "recall": 0.9074572127055348,
    "f1": 0.8948235029842116,
    "mcc": 0.83306180334368,
    "specificity": 0.9463796674210178,
    "auc": 0.9807065501003188,
    "auprc": 0.9570758691682636,
    "top_k_acc": 0.997893742964012,
    "balanced_acc": 0.9074572127055348
  },
  "confusion_matrix": [
    [
      50791,
      1731,
      2582
    ],
    [
      1086,
      12670,
      20
    ],
    [
      1590,
      45,
      12096
    ]
  ]
}