{
  "ratio": "2_1_1",
  "set": "set_10",
  "metrics": {
    "accuracy": 0.9080977642128721,
    "precision": 0.913209942728642,
    "recall": 0.9080681786366226,
    "f1": 0.9091309243676245,
    "mcc": 0.8636726845118087,
    "specificity": 0.9540362933485372,
    "auc": 0.9838069431009933,
    "auprc": 0.9680811091119449,
    "top_k_acc": 0.9961969818084926,
    "balanced_acc": 0.9080681786366226
  },
  "confusion_matrix": [
    [
      12723,
      443,
      610
    ],
    [
      1086,
      12670,
      20
    ],
    [
      1590,
      45,
      12096
    ]
  ]
}