{
  "ratio": "2_1_1",
  "set": "set_10",
  "metrics": {
    "accuracy": 0.911040883415972,
    "precision": 0.9132666039027949,
    "recall": 0.9074511635379002,
    "f1": 0.9102737936029547,
    "mcc": 0.8571786210667509,
    "specificity": 0.9496421702311358,
    "auc": 0.9819949349970476,
    "auprc": 0.9674239173458767,
    "top_k_acc": 0.9969850523983363,
    "balanced_acc": 0.9074511635379002
  },
  "confusion_matrix": [
    [
      25395,
      871,
      1286
    ],
    [
      1086,
      12670,
      20
    ],
    [
      1590,
      45,
      12096
    ]
  ]
}