{
  "best_metrics": {
    "accuracy": 0.9184583223734304,
    "precision": 0.9172442862128266,
    "recall": 0.9185340377669511,
    "specificity": 0.9551103326199116,
    "f1": 0.917872860238402,
    "mcc": 0.8695644594478545,
    "auc": 0.9846618259768043,
    "balanced_acc": 0.9185340377669511
  },
  "training_history": {
    "train_loss": [
      0.26531874318531895,
      0.2294828032342177,
      0.21875659561859634,
      0.2117858514834048,
      0.20547563852205095,
      0.19997304461890067,
      0.1953602650134445,
      0.190168973597826,
      0.18545919346100775,
      0.18110814906885164,
      0.17692402716042302,
      0.1730469701559054
    ],
    "val_loss": [
      0.23548910435213694,
      0.2362572258293489,
      0.21947278435007986,
      0.21734972962140525,
      0.21464803697342258,
      0.21809911458775444,
      0.21614742066674106,
      0.2151826184765968,
      0.21967551666690532,
      0.21710944511379532,
      0.21939569393746433,
      0.22143498739687195
    ]
  }
}