{
    "acc": 0.8068623983020871,
    "auc": 0.7615755024364926,
    "balanced_acc": 0.663243923185606,
    "f1_macro": 0.6821036320139191,
    "mcc": 0.3809631831821203,
    "precision": 0.6014150943396226,
    "recall": 0.40348101265822783,
    "specificity": 0.9230068337129841
}