{
    "acc": 0.8075698620445703,
    "auc": 0.7615755024364926,
    "balanced_acc": 0.5814505781263516,
    "f1_macro": 0.5874436382287864,
    "mcc": 0.3240319384971762,
    "precision": 0.8384615384615385,
    "recall": 0.17246835443037975
}