{
  "ratio": "9_1_1",
  "set": "set_5",
  "metrics": {
    "accuracy": 0.8444880459268949,
    "precision": 0.8853426468769975,
    "recall": 0.8443444625541483,
    "f1": 0.84769603864506,
    "mcc": 0.7844343549192021,
    "specificity": 0.9222049860858984,
    "auc": 0.9838855835214554,
    "auprc": 0.9680104278753398,
    "top_k_acc": 0.9962212048542983,
    "balanced_acc": 0.8443444625541483
  },
  "confusion_matrix": [
    [
      13439,
      171,
      166
    ],
    [
      2133,
      11639,
      4
    ],
    [
      3926,
      20,
      9785
    ]
  ]
}