{
  "ratio": "9_1_1",
  "set": "set_5",
  "metrics": {
    "accuracy": 0.8773860767540275,
    "precision": 0.917675227518358,
    "recall": 0.8444170525657627,
    "f1": 0.8708495236099164,
    "mcc": 0.8069161931775299,
    "specificity": 0.9209918757339786,
    "auc": 0.9822938460820527,
    "auprc": 0.9681696480138511,
    "top_k_acc": 0.9971666757478341,
    "balanced_acc": 0.8444170525657627
  },
  "confusion_matrix": [
    [
      26884,
      324,
      344
    ],
    [
      2133,
      11639,
      4
    ],
    [
      3926,
      20,
      9785
    ]
  ]
}