{
  "ratio": "9_1_1",
  "set": "set_5",
  "metrics": {
    "accuracy": 0.9433159674950232,
    "precision": 0.8958206800441845,
    "recall": 0.8445501342537224,
    "f1": 0.8679648402891252,
    "mcc": 0.7981657298688686,
    "specificity": 0.919296411734102,
    "auc": 0.9799540670728503,
    "auprc": 0.9291948581823396,
    "top_k_acc": 0.9990500220854738,
    "balanced_acc": 0.8445501342537224
  },
  "confusion_matrix": [
    [
      134475,
      1595,
      1690
    ],
    [
      2133,
      11639,
      4
    ],
    [
      3926,
      20,
      9785
    ]
  ]
}