{
  "ratio": "9_1_1",
  "set": "set_5",
  "metrics": {
    "accuracy": 0.9712893046119455,
    "precision": 0.5881882043952924,
    "recall": 0.8442113954860551,
    "f1": 0.6716095193829306,
    "mcc": 0.5390056380517144,
    "specificity": 0.9183652172133288,
    "auc": 0.9788056690227463,
    "auprc": 0.7543430590199832,
    "top_k_acc": 0.9998873726972884,
    "balanced_acc": 0.8442113954860551
  },
  "confusion_matrix": [
    [
      1341156,
      16702,
      17492
    ],
    [
      2133,
      11639,
      4
    ],
    [
      3926,
      20,
      9785
    ]
  ]
}