{
  "ratio": "9_1_1",
  "set": "set_5",
  "metrics": {
    "accuracy": 0.9104477611940298,
    "precision": 0.9267401948229935,
    "recall": 0.8445440850860879,
    "f1": 0.8791426622386115,
    "mcc": 0.8161322804205287,
    "specificity": 0.9200943058909061,
    "auc": 0.9810706375401126,
    "auprc": 0.9586402166142429,
    "top_k_acc": 0.9981116316229074,
    "balanced_acc": 0.8445440850860879
  },
  "confusion_matrix": [
    [
      53789,
      641,
      674
    ],
    [
      2133,
      11639,
      4
    ],
    [
      3926,
      20,
      9785
    ]
  ]
}