{
  "best_metrics": {
    "accuracy": 0.9470136034964649,
    "precision": 0.9034897492005373,
    "recall": 0.8723136277968243,
    "specificity": 0.9331983038921562,
    "f1": 0.8870797500714446,
    "mcc": 0.8257849535513063,
    "auc": 0.9831458592765382,
    "balanced_acc": 0.8723136277968243
  },
  "training_history": {
    "train_loss": [
      0.1775613841875682,
      0.15907603801802875,
      0.155224352954015,
      0.15337264580219087,
      0.15166316537922522,
      0.15076603534506203,
      0.15000510800353414,
      0.14918975862175793,
      0.1488923825808839,
      0.14814328096867127,
      0.14812825518277703,
      0.14786290673691468,
      0.14752032320671207,
      0.14730765792432526,
      0.1472828586892434,
      0.14711903534177573,
      0.14697393005466428,
      0.14685139885726445
    ],
    "val_loss": [
      0.15802559705105618,
      0.15467515175541766,
      0.15146012126134595,
      0.14860873517983078,
      0.14864718653315684,
      0.14740281313301995,
      0.14707421096697937,
      0.14658316782813485,
      0.14722086732988426,
      0.14592292890863912,
      0.14559095588619217,
      0.14735763420080308,
      0.1460691165704421,
      0.14625412208159236,
      0.14622453827472492,
      0.14719854607951802,
      0.14821804865090413,
      0.1458128926691482
    ]
  }
}