{
  "ratio": "9_1_1",
  "set": "set_7",
  "metrics": {
    "accuracy": 0.8441731463314197,
    "precision": 0.8848999910206174,
    "recall": 0.8440415627431032,
    "f1": 0.8476993799904874,
    "mcc": 0.7837294572931124,
    "specificity": 0.922047945234255,
    "auc": 0.9834173173921635,
    "auprc": 0.9672075221186193,
    "top_k_acc": 0.9959789743962406,
    "balanced_acc": 0.8440415627431032
  },
  "confusion_matrix": [
    [
      13433,
      155,
      188
    ],
    [
      2284,
      11485,
      7
    ],
    [
      3778,
      21,
      9932
    ]
  ]
}