{
  "ratio": "9_1_1",
  "set": "set_7",
  "metrics": {
    "accuracy": 0.9102419774606287,
    "precision": 0.9261786199899845,
    "recall": 0.8443258736219263,
    "f1": 0.8791715311256874,
    "mcc": 0.8155944013261215,
    "specificity": 0.9199904096319579,
    "auc": 0.9805185424198243,
    "auprc": 0.9573123226900363,
    "top_k_acc": 0.9979905823679656,
    "balanced_acc": 0.8443258736219263
  },
  "confusion_matrix": [
    [
      53779,
      574,
      751
    ],
    [
      2284,
      11485,
      7
    ],
    [
      3778,
      21,
      9932
    ]
  ]
}