{
  "ratio": "9_1_1",
  "set": "set_7",
  "metrics": {
    "accuracy": 0.9431707479412103,
    "precision": 0.8951915036813448,
    "recall": 0.8443512801259914,
    "f1": 0.8679947787988201,
    "mcc": 0.797623738768341,
    "specificity": 0.919213978708736,
    "auc": 0.9794191776077804,
    "auprc": 0.9272943401602803,
    "top_k_acc": 0.9989895139380518,
    "balanced_acc": 0.8443512801259914
  },
  "confusion_matrix": [
    [
      134458,
      1418,
      1884
    ],
    [
      2284,
      11485,
      7
    ],
    [
      3778,
      21,
      9932
    ]
  ]
}