{
  "ratio": "9_1_1",
  "set": "set_7",
  "metrics": {
    "accuracy": 0.8769501807152328,
    "precision": 0.9169087010513479,
    "recall": 0.8440536610783723,
    "f1": 0.8707056941657555,
    "mcc": 0.8060002165195723,
    "specificity": 0.920786364451588,
    "auc": 0.9816786293333575,
    "auprc": 0.9670422755864906,
    "top_k_acc": 0.9969850523983363,
    "balanced_acc": 0.8440536610783723
  },
  "confusion_matrix": [
    [
      26867,
      298,
      387
    ],
    [
      2284,
      11485,
      7
    ],
    [
      3778,
      21,
      9932
    ]
  ]
}