{
  "ratio": "9_1_1",
  "set": "set_7",
  "metrics": {
    "accuracy": 0.9707896100600417,
    "precision": 0.5866460812305646,
    "recall": 0.8438854760884423,
    "f1": 0.6699640885186945,
    "mcc": 0.5354030443356689,
    "specificity": 0.9181613816627685,
    "auc": 0.9783090153494456,
    "auprc": 0.7515982386128233,
    "top_k_acc": 0.9998617107802149,
    "balanced_acc": 0.8438854760884423
  },
  "confusion_matrix": [
    [
      1340462,
      15384,
      19504
    ],
    [
      2284,
      11485,
      7
    ],
    [
      3778,
      21,
      9932
    ]
  ]
}