{
  "best_metrics": {
    "accuracy": 0.9458293817459242,
    "precision": 0.8999579402743714,
    "recall": 0.8728942295540424,
    "specificity": 0.9332877522173875,
    "f1": 0.8859386023993072,
    "mcc": 0.8235053098851328,
    "auc": 0.9830413193324031,
    "balanced_acc": 0.8728942295540424
  },
  "training_history": {
    "train_loss": [
      0.17787687971651364,
      0.15884119903766525,
      0.15521785138187263,
      0.1529429644464228,
      0.1515324560570701,
      0.1504210889657819,
      0.1497986117660568,
      0.14894763785812845,
      0.14856965346772916,
      0.14792354330881863,
      0.14760694011215214,
      0.14709016656346074,
      0.14711164790397732,
      0.14683407207138843,
      0.1465638813668179,
      0.14670218621543427,
      0.1465359148453795,
      0.14640595263591005,
      0.14611465393009934,
      0.14617126616571366
    ],
    "val_loss": [
      0.16064225003107058,
      0.15702492263815307,
      0.15327875761195656,
      0.15004851099131936,
      0.15249500143710848,
      0.15138536745374642,
      0.14928830417930314,
      0.14834533738098005,
      0.149858678424764,
      0.14831425941953755,
      0.14863710148532908,
      0.1478126551316915,
      0.14703266542563165,
      0.14839678240270604,
      0.14991750779230134,
      0.14827751634447692,
      0.1484275767542709,
      0.1487611412251748,
      0.14812234029299992,
      0.1480702157562806
    ]
  }
}