{
  "ratio": "4_1_1",
  "set": "set_9",
  "metrics": {
    "accuracy": 0.9385781795518766,
    "precision": 0.8536091705989204,
    "recall": 0.8845202056631353,
    "f1": 0.8684300672567881,
    "mcc": 0.7956657969531589,
    "specificity": 0.9367359736295068,
    "auc": 0.979415167239469,
    "auprc": 0.9271830728312588,
    "top_k_acc": 0.9990621237149582,
    "balanced_acc": 0.8845202056631353
  },
  "confusion_matrix": [
    [
      131775,
      2325,
      3660
    ],
    [
      1699,
      12066,
      11
    ],
    [
      2428,
      28,
      11275
    ]
  ]
}