{
  "ratio": "4_1_1",
  "set": "set_9",
  "metrics": {
    "accuracy": 0.9526744350992297,
    "precision": 0.5194842523366712,
    "recall": 0.8839209032978247,
    "f1": 0.6051476761092857,
    "mcc": 0.46981546646281586,
    "specificity": 0.935047490959115,
    "auc": 0.9782182228264199,
    "auprc": 0.7485418175458131,
    "top_k_acc": 0.9998474541596185,
    "balanced_acc": 0.8839209032978247
  },
  "confusion_matrix": [
    [
      1313125,
      24094,
      38131
    ],
    [
      1699,
      12066,
      11
    ],
    [
      2428,
      28,
      11275
    ]
  ]
}