{
  "ratio": "4_1_1",
  "set": "set_9",
  "metrics": {
    "accuracy": 0.9207732626405685,
    "precision": 0.9130616969461213,
    "recall": 0.8846109431776533,
    "f1": 0.8981172330641153,
    "mcc": 0.8387871706031802,
    "specificity": 0.9382838996725322,
    "auc": 0.9806074916616813,
    "auprc": 0.9576146796395645,
    "top_k_acc": 0.9981600513248841,
    "balanced_acc": 0.8846109431776533
  },
  "confusion_matrix": [
    [
      52725,
      945,
      1434
    ],
    [
      1699,
      12066,
      11
    ],
    [
      2428,
      28,
      11275
    ]
  ]
}