{
  "ratio": "4_1_1",
  "set": "set_9",
  "metrics": {
    "accuracy": 0.8842865101857907,
    "precision": 0.9022913677145189,
    "recall": 0.8842177472814088,
    "f1": 0.8866501513415027,
    "mcc": 0.8333231491237961,
    "specificity": 0.9421190676118468,
    "auc": 0.9835819695718447,
    "auprc": 0.9671922770574288,
    "top_k_acc": 0.9963180970375215,
    "balanced_acc": 0.8842177472814088
  },
  "confusion_matrix": [
    [
      13165,
      250,
      361
    ],
    [
      1699,
      12066,
      11
    ],
    [
      2428,
      28,
      11275
    ]
  ]
}