{
  "ratio": "4_1_1",
  "set": "set_9",
  "metrics": {
    "accuracy": 0.9018144172614831,
    "precision": 0.9200130190910382,
    "recall": 0.8839999772465653,
    "f1": 0.8993581025845153,
    "mcc": 0.8426074859465932,
    "specificity": 0.9396680249009394,
    "auc": 0.9818018951213263,
    "auprc": 0.9671755391360861,
    "top_k_acc": 0.9972393250876332,
    "balanced_acc": 0.8839999772465653
  },
  "confusion_matrix": [
    [
      26312,
      497,
      743
    ],
    [
      1699,
      12066,
      11
    ],
    [
      2428,
      28,
      11275
    ]
  ]
}