{
  "best_metrics": {
    "accuracy": 0.9282713251147106,
    "precision": 0.9148128625605678,
    "recall": 0.9024328680041215,
    "specificity": 0.946938797836343,
    "f1": 0.9084854231591694,
    "mcc": 0.8546100371677667,
    "auc": 0.9838985673641799,
    "balanced_acc": 0.9024328680041215
  },
  "training_history": {
    "train_loss": [
      0.23656826215738622,
      0.20697490249229758,
      0.19917512177853686,
      0.1944311003685707,
      0.190707707699331,
      0.18774141690305657,
      0.18459931010061412,
      0.18235591883415922,
      0.17990176689611684,
      0.17766062214006828,
      0.17531865798977894,
      0.17352260787311585,
      0.17181618584066718,
      0.17030484705195914,
      0.1687753684893732,
      0.16736966708937584,
      0.16594949506079115
    ],
    "val_loss": [
      0.20884752380896698,
      0.20131544366618687,
      0.19639313251347407,
      0.19569719407813788,
      0.19593689772100228,
      0.1982429490666692,
      0.19228288280630437,
      0.19380325511443067,
      0.19199751932307488,
      0.19186298888073913,
      0.19298956851695007,
      0.19676595635659014,
      0.19281263263967124,
      0.19442849483355462,
      0.1934139603687444,
      0.19426467512300263,
      0.19377341873248133
    ]
  }
}