{
  "best_metrics": {
    "accuracy": 0.9206674987287939,
    "precision": 0.9207578094590162,
    "recall": 0.9207299842464116,
    "specificity": 0.9603550121522805,
    "f1": 0.9206766471445139,
    "mcc": 0.8810686515002967,
    "auc": 0.9863187357483351,
    "balanced_acc": 0.9207299842464116
  },
  "training_history": {
    "train_loss": [
      0.25600198291583925,
      0.221699769387369,
      0.21170230469571988,
      0.20520550675944726,
      0.1991898296755227,
      0.19337717680590452,
      0.1881228543519077,
      0.18310888977251777,
      0.17866386463668277,
      0.17360920629764376,
      0.16990835709799848,
      0.16606701857608913,
      0.16167335941130223
    ],
    "val_loss": [
      0.22118287786048565,
      0.21416201536345073,
      0.21358654189293302,
      0.20741436894682902,
      0.20741413694801705,
      0.20610924456484664,
      0.207007525360425,
      0.20650840277745214,
      0.209941716456702,
      0.20945840214181916,
      0.21013407728829409,
      0.2110633797259942,
      0.21259972942865699
    ]
  }
}