{
  "ratio": "1_1_1",
  "set": "set_7",
  "metrics": {
    "accuracy": 0.8982823110723753,
    "precision": 0.8527553730672968,
    "recall": 0.9149141499803212,
    "f1": 0.8794723429456278,
    "mcc": 0.8122591771231363,
    "specificity": 0.9461379958859185,
    "auc": 0.9801044031249303,
    "auprc": 0.956127392251865,
    "top_k_acc": 0.9978332183365412,
    "balanced_acc": 0.9149141499803212
  },
  "confusion_matrix": [
    [
      48584,
      2451,
      4069
    ],
    [
      814,
      12939,
      23
    ],
    [
      998,
      48,
      12685
    ]
  ]
}