{
  "ratio": "1_1_1",
  "set": "set_7",
  "metrics": {
    "accuracy": 0.8899114765803215,
    "precision": 0.7390728992174567,
    "recall": 0.9148875336427293,
    "f1": 0.8034966353017109,
    "mcc": 0.7138807744606759,
    "specificity": 0.9420025256072041,
    "auc": 0.9788077865312313,
    "auprc": 0.9236202344863776,
    "top_k_acc": 0.998287619427956,
    "balanced_acc": 0.9148875336427293
  },
  "confusion_matrix": [
    [
      121449,
      6052,
      10259
    ],
    [
      814,
      12939,
      23
    ],
    [
      998,
      48,
      12685
    ]
  ]
}