{
  "ratio": "1_1_1",
  "set": "set_7",
  "metrics": {
    "accuracy": 0.8812209655011166,
    "precision": 0.42700294404920774,
    "recall": 0.9144262199097706,
    "f1": 0.4745564807948444,
    "mcc": 0.33602018959359176,
    "specificity": 0.9384919030054822,
    "auc": 0.9775245394534288,
    "auprc": 0.7354977140170549,
    "top_k_acc": 0.9986370670709844,
    "balanced_acc": 0.9144262199097706
  },
  "confusion_matrix": [
    [
      1210603,
      61938,
      102809
    ],
    [
      814,
      12939,
      23
    ],
    [
      998,
      48,
      12685
    ]
  ]
}