{
  "ratio": "1_1_1",
  "set": "set_7",
  "metrics": {
    "accuracy": 0.9062460269892297,
    "precision": 0.899999043904368,
    "recall": 0.9146842816102091,
    "f1": 0.9066689300340341,
    "mcc": 0.8523183469435582,
    "specificity": 0.9510107148219036,
    "auc": 0.9815019798407225,
    "auprc": 0.9666840711075851,
    "top_k_acc": 0.9973301367623821,
    "balanced_acc": 0.9146842816102091
  },
  "confusion_matrix": [
    [
      24273,
      1274,
      2005
    ],
    [
      814,
      12939,
      23
    ],
    [
      998,
      48,
      12685
    ]
  ]
}