{
  "ratio": "1_1_1",
  "set": "set_7",
  "metrics": {
    "accuracy": 0.9147591018094615,
    "precision": 0.9150766713136074,
    "recall": 0.9147689699570924,
    "f1": 0.9149036417134345,
    "mcc": 0.8721569482278636,
    "specificity": 0.9573759432030542,
    "auc": 0.9833938516713169,
    "auprc": 0.96722490033873,
    "top_k_acc": 0.9966814427246082,
    "balanced_acc": 0.9147689699570924
  },
  "confusion_matrix": [
    [
      12140,
      667,
      969
    ],
    [
      814,
      12939,
      23
    ],
    [
      998,
      48,
      12685
    ]
  ]
}