{
  "best_metrics": {
    "accuracy": 0.9198354366014885,
    "precision": 0.9197829921062347,
    "recall": 0.9200231707784399,
    "specificity": 0.9599246408931549,
    "f1": 0.9198295960384216,
    "mcc": 0.8798262613863949,
    "auc": 0.9857452530056124,
    "balanced_acc": 0.9200231707784399
  },
  "training_history": {
    "train_loss": [
      0.26181368800724375,
      0.2224598783399441,
      0.21044127618123626,
      0.2020536883426706,
      0.19434496131590112,
      0.18759101304618434,
      0.1811506737219985,
      0.17440725940897667,
      0.16777991359492092,
      0.1620389124173809,
      0.15644021549616866,
      0.15126144087163915
    ],
    "val_loss": [
      0.22658029312246117,
      0.21589167852419477,
      0.21578682547029882,
      0.2107485875567919,
      0.20993349373213865,
      0.21182796774225504,
      0.2120424033593069,
      0.2131102053359098,
      0.21805939592725168,
      0.21885595056888096,
      0.21952261027698294,
      0.2232067400490654
    ]
  }
}