{
  "ratio": "1_1_1",
  "set": "set_8",
  "metrics": {
    "accuracy": 0.8897420537675398,
    "precision": 0.7379715655629441,
    "recall": 0.9138327602259136,
    "f1": 0.802685970667656,
    "mcc": 0.7129405217684734,
    "specificity": 0.9415341418810211,
    "auc": 0.9786793914793125,
    "auprc": 0.9237585109569754,
    "top_k_acc": 0.9980939933562054,
    "balanced_acc": 0.9138327602259136
  },
  "confusion_matrix": [
    [
      121466,
      6262,
      10032
    ],
    [
      765,
      12983,
      28
    ],
    [
      1088,
      47,
      12596
    ]
  ]
}