{
  "ratio": "1_1_1",
  "set": "set_8",
  "metrics": {
    "accuracy": 0.881393470610333,
    "precision": 0.42617900147475,
    "recall": 0.91339987020493,
    "f1": 0.4735057539853203,
    "mcc": 0.33565723847929035,
    "specificity": 0.9380629530258596,
    "auc": 0.9774241223902257,
    "auprc": 0.7383014837083591,
    "top_k_acc": 0.9985016291753187,
    "balanced_acc": 0.91339987020493
  },
  "confusion_matrix": [
    [
      1210890,
      63889,
      100571
    ],
    [
      765,
      12983,
      28
    ],
    [
      1088,
      47,
      12596
    ]
  ]
}