{
  "ratio": "1_1_1",
  "set": "set_8",
  "metrics": {
    "accuracy": 0.9059372672950835,
    "precision": 0.8998249677876259,
    "recall": 0.9139271272410124,
    "f1": 0.9062829577537986,
    "mcc": 0.8516709143662912,
    "specificity": 0.9507074449584243,
    "auc": 0.9812316306228205,
    "auprc": 0.9660371568291488,
    "top_k_acc": 0.9968579160536879,
    "balanced_acc": 0.9139271272410124
  },
  "confusion_matrix": [
    [
      24301,
      1275,
      1976
    ],
    [
      765,
      12983,
      28
    ],
    [
      1088,
      47,
      12596
    ]
  ]
}