{
  "ratio": "1_1_1",
  "set": "set_8",
  "metrics": {
    "accuracy": 0.8979191633075498,
    "precision": 0.8521812055900665,
    "recall": 0.9139089797381089,
    "f1": 0.8788523061749026,
    "mcc": 0.8112966756629905,
    "specificity": 0.9456941575503223,
    "auc": 0.9799165154737951,
    "auprc": 0.9557428841719985,
    "top_k_acc": 0.9974821754972099,
    "balanced_acc": 0.9139089797381089
  },
  "confusion_matrix": [
    [
      48599,
      2524,
      3981
    ],
    [
      765,
      12983,
      28
    ],
    [
      1088,
      47,
      12596
    ]
  ]
}