{
  "ratio": "1_1_1",
  "set": "set_8",
  "metrics": {
    "accuracy": 0.9137417338856187,
    "precision": 0.9141129924406489,
    "recall": 0.9137456522119765,
    "f1": 0.9139004271915181,
    "mcc": 0.8706401204232191,
    "specificity": 0.9568671006011901,
    "auc": 0.9832062185540594,
    "auprc": 0.9666185308648912,
    "top_k_acc": 0.996148535716881,
    "balanced_acc": 0.9137456522119765
  },
  "confusion_matrix": [
    [
      12143,
      663,
      970
    ],
    [
      765,
      12983,
      28
    ],
    [
      1088,
      47,
      12596
    ]
  ]
}