{
  "best_metrics": {
    "accuracy": 0.919114316091157,
    "precision": 0.9191787947875385,
    "recall": 0.9194879521744889,
    "specificity": 0.9595126483133103,
    "f1": 0.9192662657267524,
    "mcc": 0.8787385172843556,
    "auc": 0.9856792441850669,
    "balanced_acc": 0.9194879521744889
  },
  "training_history": {
    "train_loss": [
      0.26324763696889575,
      0.2228011230750403,
      0.21135905206231953,
      0.20229379673393624,
      0.19469304438084994,
      0.18791343710648886,
      0.1814148089509211,
      0.1746353866143333,
      0.1685577318561244,
      0.1623325447973317,
      0.15632120127220717,
      0.15139148337488392
    ],
    "val_loss": [
      0.2266266617660675,
      0.21891338721614095,
      0.2160565905303613,
      0.21368438189554187,
      0.21048968446884034,
      0.21262203160901894,
      0.2121821008989441,
      0.21375954754735663,
      0.22011097849713104,
      0.21921656646482968,
      0.22632565388182785,
      0.2251671954207627
    ]
  }
}