{
  "best_metrics": {
    "accuracy": 0.9179956547866686,
    "precision": 0.9178524944217784,
    "recall": 0.9182377830391842,
    "specificity": 0.9590008030110916,
    "f1": 0.9179436402515592,
    "mcc": 0.8770957899315994,
    "auc": 0.9852593825358017,
    "balanced_acc": 0.9182377830391842
  },
  "training_history": {
    "train_loss": [
      0.2558248766380883,
      0.22326599752822796,
      0.21279007513623466,
      0.20583289570730934,
      0.19994476908974868,
      0.19451870974662572,
      0.18963748783741602,
      0.18432828448876867,
      0.17995319918304034,
      0.17487813761518237,
      0.17077571555954182,
      0.1670300414211701,
      0.16297794284501374
    ],
    "val_loss": [
      0.2284913868341599,
      0.22469506080053178,
      0.2182440389462099,
      0.21549671781281848,
      0.21537859310724367,
      0.21427979694404456,
      0.21769553702793884,
      0.2167822618996811,
      0.21505879498589403,
      0.21789134850888522,
      0.21898482919265574,
      0.21907634483785937,
      0.22053209455018344
    ]
  }
}