{
  "exp_name": "experiment_1",
  "timestamp": "2026-01-15T20:26:18.865968",
  "best_val_loss": 0.5366312872644784,
  "test_results": {
    "acc": 0.7058307528495789,
    "auc": 0.6949272155761719,
    "balanced_acc": 0.6949272155761719,
    "f1_macro": 0.6965456008911133,
    "mcc": 0.3950778543949127,
    "precision": 0.6735261678695679,
    "recall": 0.6159715056419373,
    "specificity": 0.7738829255104065,
    "loss": 0.5616558844297929
  },
  "epochs_trained": 29,
  "hparams": {
    "lr": 0.0001,
    "dropout": 0.3,
    "batch_size": 512,
    "proj_dim": 512,
    "fusion_hidden": "[512, 256]",
    "patience": 5
  }
}