{
  "ratio": "1_1_1",
  "set": "set_6",
  "metrics": {
    "accuracy": 0.8825418413993729,
    "precision": 0.42443887620115905,
    "recall": 0.9111441612806529,
    "f1": 0.47147369370222214,
    "mcc": 0.3358735523575414,
    "specificity": 0.9374160777489647,
    "auc": 0.9765188841331658,
    "auprc": 0.7316726495125376,
    "top_k_acc": 0.9983654784486231,
    "balanced_acc": 0.9111441612806529
  },
  "confusion_matrix": [
    [
      1212611,
      70119,
      92620
    ],
    [
      736,
      13014,
      26
    ],
    [
      1204,
      72,
      12455
    ]
  ]
}