{
  "ratio": "1_1_1",
  "set": "set_6",
  "metrics": {
    "accuracy": 0.9037759494360595,
    "precision": 0.8976293457235475,
    "recall": 0.911145427350525,
    "f1": 0.9038699533961158,
    "mcc": 0.8480727794929035,
    "specificity": 0.9493935402807239,
    "auc": 0.9803440584472437,
    "auprc": 0.9643675124450192,
    "top_k_acc": 0.9962403966653953,
    "balanced_acc": 0.911145427350525
  },
  "confusion_matrix": [
    [
      24292,
      1424,
      1836
    ],
    [
      736,
      13014,
      26
    ],
    [
      1204,
      72,
      12455
    ]
  ]
}