{
  "ratio": "1_1_1",
  "set": "set_6",
  "metrics": {
    "accuracy": 0.8896996980643443,
    "precision": 0.7358252531658227,
    "recall": 0.9114091710593906,
    "f1": 0.8010474820774606,
    "mcc": 0.7114267685980854,
    "specificity": 0.9406554034395103,
    "auc": 0.9777512449178961,
    "auprc": 0.9206843869539751,
    "top_k_acc": 0.9977430461011575,
    "balanced_acc": 0.9114091710593906
  },
  "confusion_matrix": [
    [
      121569,
      6906,
      9285
    ],
    [
      736,
      13014,
      26
    ],
    [
      1204,
      72,
      12455
    ]
  ]
}