{
  "ratio": "1_1_1",
  "set": "set_6",
  "metrics": {
    "accuracy": 0.9121187898166315,
    "precision": 0.9127279988626235,
    "recall": 0.9121132941720503,
    "f1": 0.9123147722989743,
    "mcc": 0.8682777666566499,
    "specificity": 0.9560532068344382,
    "auc": 0.9824866221700624,
    "auprc": 0.965085217331707,
    "top_k_acc": 0.9956640748007655,
    "balanced_acc": 0.9121132941720503
  },
  "confusion_matrix": [
    [
      12186,
      718,
      872
    ],
    [
      736,
      13014,
      26
    ],
    [
      1204,
      72,
      12455
    ]
  ]
}