{
  "ratio": "1_1_1",
  "set": "set_6",
  "metrics": {
    "accuracy": 0.8971565530014163,
    "precision": 0.8508598400494501,
    "recall": 0.9115204757438661,
    "f1": 0.8773226773698616,
    "mcc": 0.809229364682094,
    "specificity": 0.9447550595617228,
    "auc": 0.9790328764270013,
    "auprc": 0.9538057253750525,
    "top_k_acc": 0.9969979784774424,
    "balanced_acc": 0.9115204757438661
  },
  "confusion_matrix": [
    [
      48646,
      2804,
      3654
    ],
    [
      736,
      13014,
      26
    ],
    [
      1204,
      72,
      12455
    ]
  ]
}