{
  "best_metrics": {
    "accuracy": 0.9195488374243055,
    "precision": 0.9195532884637608,
    "recall": 0.9197313053415411,
    "specificity": 0.9597412883842793,
    "f1": 0.9196329209595419,
    "mcc": 0.8793288004781801,
    "auc": 0.9854809769045166,
    "balanced_acc": 0.9197313053415411
  },
  "training_history": {
    "train_loss": [
      0.26190849113159315,
      0.22185163567107039,
      0.21050402829275203,
      0.20147866315789967,
      0.1941079413476175,
      0.18705833068388178,
      0.18030808515734376,
      0.17411346675833148,
      0.16733689370092783,
      0.16157537683303178,
      0.1562991989089439,
      0.15057619575323639
    ],
    "val_loss": [
      0.22854393530486003,
      0.22160550391784803,
      0.21701961625511193,
      0.2132150685633457,
      0.21289487695146223,
      0.21304786977936896,
      0.21844834248726352,
      0.21519183940262115,
      0.22088861254814102,
      0.21979149685514698,
      0.22127986581107426,
      0.22496192199382747
    ]
  }
}