{
  "ratio": "2_1_1",
  "set": "set_5",
  "metrics": {
    "accuracy": 0.9318341071114162,
    "precision": 0.47867870398515633,
    "recall": 0.901730128761276,
    "f1": 0.553991298976744,
    "mcc": 0.4163279239529715,
    "specificity": 0.9403971481119638,
    "auc": 0.9777689421849608,
    "auprc": 0.7450889454850462,
    "top_k_acc": 0.9996621180918653,
    "balanced_acc": 0.901730128761276
  },
  "confusion_matrix": [
    [
      1282852,
      33604,
      58894
    ],
    [
      1340,
      12418,
      18
    ],
    [
      1746,
      25,
      11960
    ]
  ]
}