{
  "ratio": "2_1_1",
  "set": "set_5",
  "metrics": {
    "accuracy": 0.9263615845873647,
    "precision": 0.8137052745615373,
    "recall": 0.9022719700904833,
    "f1": 0.8524037838019347,
    "mcc": 0.7737642173967193,
    "specificity": 0.9426192752995947,
    "auc": 0.9790019520497765,
    "auprc": 0.925665715651839,
    "top_k_acc": 0.9989290057906297,
    "balanced_acc": 0.9022719700904833
  },
  "confusion_matrix": [
    [
      128719,
      3239,
      5802
    ],
    [
      1340,
      12418,
      18
    ],
    [
      1746,
      25,
      11960
    ]
  ]
}