{
  "ratio": "2_1_1",
  "set": "set_5",
  "metrics": {
    "accuracy": 0.9098966563141357,
    "precision": 0.9166697978569882,
    "recall": 0.9019840297110796,
    "f1": 0.9088466490528363,
    "mcc": 0.8550367220883736,
    "specificity": 0.9474742445300454,
    "auc": 0.981548504547313,
    "auprc": 0.9666862495906563,
    "top_k_acc": 0.9972393250876332,
    "balanced_acc": 0.9019840297110796
  },
  "confusion_matrix": [
    [
      25720,
      691,
      1141
    ],
    [
      1340,
      12418,
      18
    ],
    [
      1746,
      25,
      11960
    ]
  ]
}