{
  "ratio": "2_1_1",
  "set": "set_5",
  "metrics": {
    "accuracy": 0.9024780175859313,
    "precision": 0.9107598250142743,
    "recall": 0.9024437664513041,
    "f1": 0.9039602002533433,
    "mcc": 0.8564327399492313,
    "specificity": 0.9512236012714661,
    "auc": 0.9834184165334068,
    "auprc": 0.966794131628832,
    "top_k_acc": 0.9963423200833272,
    "balanced_acc": 0.9024437664513041
  },
  "confusion_matrix": [
    [
      12879,
      350,
      547
    ],
    [
      1340,
      12418,
      18
    ],
    [
      1746,
      25,
      11960
    ]
  ]
}