{
  "ratio": "2_1_1",
  "set": "set_5",
  "metrics": {
    "accuracy": 0.9183885923182142,
    "precision": 0.8945797856505191,
    "recall": 0.9022925372604408,
    "f1": 0.898326023576491,
    "mcc": 0.8377812114175125,
    "specificity": 0.9449065725939795,
    "auc": 0.9801672695415746,
    "auprc": 0.9565596304429858,
    "top_k_acc": 0.9980753168464248,
    "balanced_acc": 0.9022925372604408
  },
  "confusion_matrix": [
    [
      51491,
      1328,
      2285
    ],
    [
      1340,
      12418,
      18
    ],
    [
      1746,
      25,
      11960
    ]
  ]
}