{
  "best_metrics": {
    "accuracy": 0.9179391690778453,
    "precision": 0.9208077262284085,
    "recall": 0.9132608323057146,
    "specificity": 0.953132646978931,
    "f1": 0.9168605395877116,
    "mcc": 0.8679206550874049,
    "auc": 0.9847073293388102,
    "balanced_acc": 0.9132608323057146
  },
  "training_history": {
    "train_loss": [
      0.2650381750797457,
      0.2287323775352929,
      0.21820411443355162,
      0.21075926706530493,
      0.20519520528061624,
      0.19926647031928052,
      0.1945357211092978,
      0.1896315282324996,
      0.18498336558918266,
      0.18026289375174784,
      0.17591019218558251,
      0.17198055358848716,
      0.1677534058848978
    ],
    "val_loss": [
      0.23749303118972795,
      0.22302224482744432,
      0.2196556144987679,
      0.21713886048851125,
      0.2159605901488491,
      0.21467392253570913,
      0.21709880537938928,
      0.2175769621649372,
      0.21813364789112064,
      0.21769211952255868,
      0.218679505977013,
      0.22062455549102375,
      0.22283901161753947
    ]
  }
}