{
  "best_metrics": {
    "accuracy": 0.826006564045671,
    "precision": 0.8368570062357824,
    "recall": 0.827052293705378,
    "specificity": 0.9131961242396126,
    "f1": 0.8264204801836713,
    "mcc": 0.7438743643327761,
    "auc": 0.9486484035034319,
    "balanced_acc": 0.827052293705378
  },
  "training_history": {
    "train_loss": [
      0.8313277845621673,
      0.8880014746171431,
      0.9500662188806721,
      1.0065803990056337,
      1.0510093229207458,
      1.0808493018826961,
      1.09472810637749,
      1.098589713063062
    ],
    "val_loss": [
      0.8915598148022942,
      0.9164012584133904,
      0.993575515137275,
      1.0491061613330817,
      1.0686360570663984,
      1.092529366633898,
      1.0985510470891073,
      1.0985468365098756
    ]
  }
}