{
  "exp_name": "experiment_4",
  "timestamp": "2025-12-26T22:15:42.118193",
  "best_val_loss": 0.14875747357876568,
  "test_results": {
    "acc": 0.935992956161499,
    "auc": 0.9322798252105713,
    "balanced_acc": 0.9322798252105713,
    "f1_macro": 0.9344041347503662,
    "mcc": 0.869411051273346,
    "precision": 0.9437963962554932,
    "recall": 0.9053916335105896,
    "loss": 0.15859096062054032
  },
  "epochs_trained": 7,
  "hparams": {
    "lr": 0.0001,
    "dropout": 0.3,
    "batch_size": 128,
    "proj_dim": 256,
    "fusion_hidden": "[256, 128]",
    "patience": 5
  }
}