{
  "exp_name": "experiment_7",
  "timestamp": "2026-01-15T18:17:44.304576",
  "best_val_loss": 0.14899076901793015,
  "test_results": {
    "acc": 0.9373081922531128,
    "auc": 0.9349783658981323,
    "balanced_acc": 0.9349783658981323,
    "f1_macro": 0.9359430074691772,
    "mcc": 0.872007429599762,
    "precision": 0.9352331757545471,
    "recall": 0.918107807636261,
    "specificity": 0.9518489837646484,
    "loss": 0.1559282810309251
  },
  "epochs_trained": 6,
  "hparams": {
    "mode": "both",
    "lr": 0.0001,
    "dropout": 0.3,
    "batch_size": 128,
    "proj_dim": 512,
    "fusion_hidden": "[512, 256]",
    "patience": 5
  }
}