{
  "ratio": "4_1_1",
  "set": "set_10",
  "metrics": {
    "accuracy": 0.8856187777051087,
    "precision": 0.9030461189742979,
    "recall": 0.8855436476428499,
    "f1": 0.8878289763100392,
    "mcc": 0.8351406196829902,
    "specificity": 0.9427852281566845,
    "auc": 0.9836996621368966,
    "auprc": 0.9679370535490607,
    "top_k_acc": 0.9956640748007655,
    "balanced_acc": 0.8855436476428499
  },
  "confusion_matrix": [
    [
      13160,
      271,
      345
    ],
    [
      1578,
      12188,
      10
    ],
    [
      2487,
      31,
      11213
    ]
  ]
}