{
  "ratio": "4_1_1",
  "set": "set_10",
  "metrics": {
    "accuracy": 0.9527927650501797,
    "precision": 0.5187749333506084,
    "recall": 0.8853934774422713,
    "f1": 0.6049017655437188,
    "mcc": 0.4712144671326945,
    "specificity": 0.9358237635223539,
    "auc": 0.9785246878151027,
    "auprc": 0.7499075664040277,
    "top_k_acc": 0.9997996944806207,
    "balanced_acc": 0.8853934774422713
  },
  "confusion_matrix": [
    [
      1313231,
      25002,
      37117
    ],
    [
      1578,
      12188,
      10
    ],
    [
      2487,
      31,
      11213
    ]
  ]
}