{
  "ratio": "4_1_1",
  "set": "set_10",
  "metrics": {
    "accuracy": 0.9031039430429176,
    "precision": 0.920900333170959,
    "recall": 0.8855799426486571,
    "f1": 0.9006088548424732,
    "mcc": 0.8447066756807886,
    "specificity": 0.9404917541911103,
    "auc": 0.9819842765431606,
    "auprc": 0.9676042742070248,
    "top_k_acc": 0.9967307797090394,
    "balanced_acc": 0.8855799426486571
  },
  "confusion_matrix": [
    [
      26323,
      515,
      714
    ],
    [
      1578,
      12188,
      10
    ],
    [
      2487,
      31,
      11213
    ]
  ]
}