{
  "ratio": "4_1_1",
  "set": "set_10",
  "metrics": {
    "accuracy": 0.9210153611504521,
    "precision": 0.9124462874085268,
    "recall": 0.8858158601864039,
    "f1": 0.8984526136315352,
    "mcc": 0.8394083284780778,
    "specificity": 0.9388318007081953,
    "auc": 0.9807072172384873,
    "auprc": 0.9574535623028906,
    "top_k_acc": 0.9978090084855528,
    "balanced_acc": 0.8858158601864039
  },
  "confusion_matrix": [
    [
      52685,
      996,
      1423
    ],
    [
      1578,
      12188,
      10
    ],
    [
      2487,
      31,
      11213
    ]
  ]
}