{
  "ratio": "4_1_1",
  "set": "set_10",
  "metrics": {
    "accuracy": 0.9385721287371345,
    "precision": 0.8526557671531242,
    "recall": 0.8858194896869845,
    "f1": 0.8685524338789588,
    "mcc": 0.7960957473812953,
    "specificity": 0.9373486734783318,
    "auc": 0.9796558229112072,
    "auprc": 0.9272715290168548,
    "top_k_acc": 0.9988745484579499,
    "balanced_acc": 0.8858194896869845
  },
  "confusion_matrix": [
    [
      131714,
      2388,
      3658
    ],
    [
      1578,
      12188,
      10
    ],
    [
      2487,
      31,
      11213
    ]
  ]
}