{
  "best_metrics": {
    "accuracy": 0.9290406692833582,
    "precision": 0.9142574389898467,
    "recall": 0.9050064838453485,
    "specificity": 0.9481767545570833,
    "f1": 0.909554624460212,
    "mcc": 0.8564214932197542,
    "auc": 0.9838038073425479,
    "balanced_acc": 0.9050064838453485
  },
  "training_history": {
    "train_loss": [
      0.23686259668070925,
      0.2074584368656162,
      0.1997057018125843,
      0.1946698600939058,
      0.19082819087105984,
      0.18773170250771506,
      0.1851220494198754,
      0.18230310460468144,
      0.18023742693897002,
      0.17823350903105292,
      0.17573301823197968,
      0.17436564286357156,
      0.17207725363857596,
      0.1704520814069817,
      0.16899556104697844,
      0.16763395605457204,
      0.16605986565515174,
      0.1652615830257997
    ],
    "val_loss": [
      0.2068972280451338,
      0.200705496374741,
      0.1965809826569865,
      0.19597394483929956,
      0.19568973581808982,
      0.1963268248839198,
      0.19279917579989359,
      0.19297505837071627,
      0.19370858175530217,
      0.19416316687167795,
      0.1918600204989696,
      0.1933660313042492,
      0.1941398732769335,
      0.1937453065134873,
      0.1930773794364909,
      0.19442017102107736,
      0.19435459083904466,
      0.19543364131062055
    ]
  }
}