{
  "ratio": "2_1_1",
  "set": "set_8",
  "metrics": {
    "accuracy": 0.9107321237218257,
    "precision": 0.9139409243771143,
    "recall": 0.9061643785719825,
    "f1": 0.9099025983423755,
    "mcc": 0.8565815327057501,
    "specificity": 0.9491121937880553,
    "auc": 0.981856098092238,
    "auprc": 0.9672323334767331,
    "top_k_acc": 0.9968760783886377,
    "balanced_acc": 0.9061643785719825
  },
  "confusion_matrix": [
    [
      25467,
      852,
      1233
    ],
    [
      1120,
      12636,
      20
    ],
    [
      1653,
      37,
      12041
    ]
  ]
}