{
  "ratio": "2_1_1",
  "set": "set_8",
  "metrics": {
    "accuracy": 0.9240129250522326,
    "precision": 0.46489143013835976,
    "recall": 0.9062396881426391,
    "f1": 0.5356565590373954,
    "mcc": 0.4007590051990307,
    "specificity": 0.9414821284985563,
    "auc": 0.9782108698005549,
    "auprc": 0.7420136241058849,
    "top_k_acc": 0.9993962321177425,
    "balanced_acc": 0.9062396881426391
  },
  "confusion_matrix": [
    [
      1271581,
      40773,
      62996
    ],
    [
      1120,
      12636,
      20
    ],
    [
      1653,
      37,
      12041
    ]
  ]
}