{
  "ratio": "2_1_1",
  "set": "set_8",
  "metrics": {
    "accuracy": 0.9061841435942155,
    "precision": 0.9118656408169667,
    "recall": 0.9061522802367135,
    "f1": 0.9073047665744941,
    "mcc": 0.8610042318256077,
    "specificity": 0.9530788029375862,
    "auc": 0.9836331151517159,
    "auprc": 0.9676959400417112,
    "top_k_acc": 0.9959547513504348,
    "balanced_acc": 0.9061522802367135
  },
  "confusion_matrix": [
    [
      12733,
      441,
      602
    ],
    [
      1120,
      12636,
      20
    ],
    [
      1653,
      37,
      12041
    ]
  ]
}