{
  "ratio": "2_1_1",
  "set": "set_8",
  "metrics": {
    "accuracy": 0.9161128663253078,
    "precision": 0.8868152581305377,
    "recall": 0.9065878203064001,
    "f1": 0.8963242552661587,
    "mcc": 0.8351845198646451,
    "specificity": 0.9462739897830276,
    "auc": 0.9805347145583075,
    "auprc": 0.9567548248054445,
    "top_k_acc": 0.9976637493796225,
    "balanced_acc": 0.9065878203064001
  },
  "confusion_matrix": [
    [
      51004,
      1648,
      2452
    ],
    [
      1120,
      12636,
      20
    ],
    [
      1653,
      37,
      12041
    ]
  ]
}