{
  "ratio": "2_1_1",
  "set": "set_8",
  "metrics": {
    "accuracy": 0.9207585301360828,
    "precision": 0.7978967570266585,
    "recall": 0.906549105633539,
    "f1": 0.8441897590249171,
    "mcc": 0.7639522788484169,
    "specificity": 0.9436863256726641,
    "auc": 0.9793219383238091,
    "auprc": 0.9250401110738337,
    "top_k_acc": 0.9986022617945506,
    "balanced_acc": 0.906549105633539
  },
  "confusion_matrix": [
    [
      127494,
      3990,
      6276
    ],
    [
      1120,
      12636,
      20
    ],
    [
      1653,
      37,
      12041
    ]
  ]
}