{
  "best_metrics": {
    "accuracy": 0.9178353384187283,
    "precision": 0.9173090312693502,
    "recall": 0.9167434034023915,
    "specificity": 0.9542915081645867,
    "f1": 0.9170090980575462,
    "mcc": 0.8681019432003024,
    "auc": 0.9843577929450674,
    "balanced_acc": 0.9167434034023915
  },
  "training_history": {
    "train_loss": [
      0.26481550476965654,
      0.2286373314075765,
      0.21816517179220604,
      0.2105747056286129,
      0.2045006792743081,
      0.19965055658736391,
      0.19412992765496329,
      0.18904645778300752,
      0.1847166266852958,
      0.17997574674191505,
      0.17614560090373724,
      0.17207067956602917,
      0.16764024300866687,
      0.1640596151357899
    ],
    "val_loss": [
      0.23692305275575914,
      0.22513329688583772,
      0.22032191153718497,
      0.2190266546199919,
      0.21763158716647052,
      0.21821872127103487,
      0.2172145288561226,
      0.21839460535605804,
      0.22235762789871666,
      0.2185926855459545,
      0.2197249940418503,
      0.22090340655616228,
      0.22453129560272295,
      0.2247329753811755
    ]
  }
}