{
  "ratio": "1_1_1",
  "set": "set_5",
  "metrics": {
    "accuracy": 0.9125305815953298,
    "precision": 0.913840624616693,
    "recall": 0.9125274923236764,
    "f1": 0.9129612650762109,
    "mcc": 0.8690152632045652,
    "specificity": 0.956259215002056,
    "auc": 0.9830400710555999,
    "auprc": 0.9667045492304608,
    "top_k_acc": 0.9957367439381828,
    "balanced_acc": 0.9125274923236764
  },
  "confusion_matrix": [
    [
      12322,
      587,
      867
    ],
    [
      886,
      12859,
      31
    ],
    [
      1188,
      52,
      12491
    ]
  ]
}