{
  "ratio": "1_1_1",
  "set": "set_5",
  "metrics": {
    "accuracy": 0.8979348569284854,
    "precision": 0.7519160662932493,
    "recall": 0.9121137292574742,
    "f1": 0.8130757005552273,
    "mcc": 0.7251180309763694,
    "specificity": 0.9423210033052802,
    "auc": 0.9784294406484181,
    "auprc": 0.9217894611813838,
    "top_k_acc": 0.9979427229876503,
    "balanced_acc": 0.9121137292574742
  },
  "confusion_matrix": [
    [
      123049,
      5577,
      9134
    ],
    [
      886,
      12859,
      31
    ],
    [
      1188,
      52,
      12491
    ]
  ]
}