{
  "ratio": "1_1_1",
  "set": "set_5",
  "metrics": {
    "accuracy": 0.892220661122267,
    "precision": 0.4336869002057782,
    "recall": 0.9115872520883431,
    "f1": 0.4865474163291441,
    "mcc": 0.34881905469015184,
    "specificity": 0.9390826656723603,
    "auc": 0.9771307626189941,
    "auprc": 0.7340848545301211,
    "top_k_acc": 0.9985686352921217,
    "balanced_acc": 0.9115872520883431
  },
  "confusion_matrix": [
    [
      1226308,
      57438,
      91604
    ],
    [
      886,
      12859,
      31
    ],
    [
      1188,
      52,
      12491
    ]
  ]
}