{
  "ratio": "1_1_1",
  "set": "set_5",
  "metrics": {
    "accuracy": 0.9072449554114677,
    "precision": 0.9029686116333747,
    "recall": 0.9120193622423756,
    "f1": 0.9072517759530827,
    "mcc": 0.8527681113932277,
    "specificity": 0.9503935667789644,
    "auc": 0.9811097624509673,
    "auprc": 0.9658080892037869,
    "top_k_acc": 0.9965491563595416,
    "balanced_acc": 0.9120193622423756
  },
  "confusion_matrix": [
    [
      24602,
      1154,
      1796
    ],
    [
      886,
      12859,
      31
    ],
    [
      1188,
      52,
      12491
    ]
  ]
}