{
  "ratio": "1_1_1",
  "set": "set_5",
  "metrics": {
    "accuracy": 0.9026400842502814,
    "precision": 0.8602337172282996,
    "recall": 0.9121040505892589,
    "f1": 0.8832473636412685,
    "mcc": 0.816996681540979,
    "specificity": 0.9459737038971031,
    "auc": 0.9796805182908389,
    "auprc": 0.9547292512042934,
    "top_k_acc": 0.9972884966893029,
    "balanced_acc": 0.9121040505892589
  },
  "confusion_matrix": [
    [
      49218,
      2260,
      3626
    ],
    [
      886,
      12859,
      31
    ],
    [
      1188,
      52,
      12491
    ]
  ]
}