{
  "best_metrics": {
    "accuracy": 0.9200573198354366,
    "precision": 0.9205750601315225,
    "recall": 0.9202062890972761,
    "specificity": 0.9599882568861854,
    "f1": 0.9203419245495176,
    "mcc": 0.8801270760298002,
    "auc": 0.9857424948438274,
    "balanced_acc": 0.9202062890972761
  },
  "training_history": {
    "train_loss": [
      0.26176046568427447,
      0.2214090618569645,
      0.20964884987423957,
      0.20094497518505813,
      0.19337449012421468,
      0.1868935866326205,
      0.17951649658634036,
      0.17338197078062856,
      0.16733783299368887,
      0.1607510932853556,
      0.1559291674099234,
      0.1500711542404869
    ],
    "val_loss": [
      0.2250099753203011,
      0.22321667062014552,
      0.2134352989746563,
      0.21240119945351066,
      0.21002980858281786,
      0.21227797128035236,
      0.21084817501560515,
      0.21441444804305504,
      0.21816030246043885,
      0.2250527235395407,
      0.22461631059514353,
      0.22366972791417342
    ]
  }
}