{
  "ratio": "2_1_1",
  "set": "set_4",
  "metrics": {
    "accuracy": 0.906910834968389,
    "precision": 0.9130439160300479,
    "recall": 0.9068791319370169,
    "f1": 0.9080792135175835,
    "mcc": 0.8622817201578773,
    "specificity": 0.9534415550732795,
    "auc": 0.9835536563460736,
    "auprc": 0.9671864515573452,
    "top_k_acc": 0.9959063052588233,
    "balanced_acc": 0.9068791319370169
  },
  "confusion_matrix": [
    [
      12799,
      409,
      568
    ],
    [
      1174,
      12588,
      14
    ],
    [
      1627,
      51,
      12053
    ]
  ]
}