{
  "ratio": "2_1_1",
  "set": "set_4",
  "metrics": {
    "accuracy": 0.9259860413427741,
    "precision": 0.4678917665944458,
    "recall": 0.9060491441780144,
    "f1": 0.5398810768987796,
    "mcc": 0.40509741133373195,
    "specificity": 0.9418137578462501,
    "auc": 0.9779104433039327,
    "auprc": 0.7396496968582223,
    "top_k_acc": 0.9994112015693688,
    "balanced_acc": 0.9060491441780144
  },
  "confusion_matrix": [
    [
      1274385,
      39285,
      61680
    ],
    [
      1174,
      12588,
      14
    ],
    [
      1627,
      51,
      12053
    ]
  ]
}