{
  "ratio": "2_1_1",
  "set": "set_4",
  "metrics": {
    "accuracy": 0.9172023096197843,
    "precision": 0.888943845366115,
    "recall": 0.9064798868731376,
    "f1": 0.897409708003075,
    "mcc": 0.8369420941457815,
    "specificity": 0.9465058881474747,
    "auc": 0.9803473978384559,
    "auprc": 0.9566792404939717,
    "top_k_acc": 0.9977363789325877,
    "balanced_acc": 0.9064798868731376
  },
  "confusion_matrix": [
    [
      51130,
      1582,
      2392
    ],
    [
      1174,
      12588,
      14
    ],
    [
      1627,
      51,
      12053
    ]
  ]
}