{
  "ratio": "2_1_1",
  "set": "set_4",
  "metrics": {
    "accuracy": 0.9117310521440637,
    "precision": 0.9156015645326286,
    "recall": 0.906395198526254,
    "f1": 0.910796378263712,
    "mcc": 0.8581291318496848,
    "specificity": 0.9494425911887593,
    "auc": 0.9817084826846717,
    "auprc": 0.9668995213535309,
    "top_k_acc": 0.9968215913837883,
    "balanced_acc": 0.906395198526254
  },
  "confusion_matrix": [
    [
      25558,
      808,
      1186
    ],
    [
      1174,
      12588,
      14
    ],
    [
      1627,
      51,
      12053
    ]
  ]
}