{
  "ratio": "2_1_1",
  "set": "set_4",
  "metrics": {
    "accuracy": 0.9227613498157526,
    "precision": 0.8025221703481232,
    "recall": 0.9065669948870748,
    "f1": 0.8471905277509525,
    "mcc": 0.7681368338800679,
    "specificity": 0.9441368094133232,
    "auc": 0.9791390292069319,
    "auprc": 0.9250846503060502,
    "top_k_acc": 0.9985780585355818,
    "balanced_acc": 0.9065669948870748
  },
  "confusion_matrix": [
    [
      127861,
      3823,
      6076
    ],
    [
      1174,
      12588,
      14
    ],
    [
      1627,
      51,
      12053
    ]
  ]
}