{
  "best_metrics": {
    "accuracy": 0.9193443439978957,
    "precision": 0.9202582995664897,
    "recall": 0.9169237767754144,
    "specificity": 0.9547182776995659,
    "f1": 0.9185525355010986,
    "mcc": 0.870561400942383,
    "auc": 0.9849447044714316,
    "balanced_acc": 0.9169237767754144
  },
  "training_history": {
    "train_loss": [
      0.26548106090192564,
      0.22998840333730916,
      0.21909228723782367,
      0.2117808377113562,
      0.2055318794015628,
      0.2005655798824147,
      0.19548789483076487,
      0.19046258828044135,
      0.18578015856965405,
      0.18123406012196586,
      0.1764104755677642,
      0.17241921105598135,
      0.16810040222687603,
      0.1655365684255287,
      0.16171229433888162
    ],
    "val_loss": [
      0.23074393208746138,
      0.22287335799346822,
      0.22066208807056562,
      0.2149901019111386,
      0.2183178020842988,
      0.2183596100948278,
      0.21679156406672728,
      0.21312234282234488,
      0.21630683878834495,
      0.21561518183206943,
      0.21684679496746764,
      0.2178762713142802,
      0.22056828128971037,
      0.22052220688857177,
      0.22140460185842872
    ]
  }
}