{
  "ratio": "2_1_1",
  "set": "set_9",
  "metrics": {
    "accuracy": 0.9254742286633634,
    "precision": 0.4649972162482728,
    "recall": 0.9045227434018558,
    "f1": 0.536347282330721,
    "mcc": 0.4029400887026386,
    "specificity": 0.9409168744027466,
    "auc": 0.9777674155867508,
    "auprc": 0.7422549972540827,
    "top_k_acc": 0.9994646638966053,
    "balanced_acc": 0.9045227434018558
  },
  "confusion_matrix": [
    [
      1273723,
      42455,
      59172
    ],
    [
      1089,
      12670,
      17
    ],
    [
      1773,
      43,
      11915
    ]
  ]
}