{
  "ratio": "2_1_1",
  "set": "set_9",
  "metrics": {
    "accuracy": 0.9213878148692721,
    "precision": 0.7989434760659524,
    "recall": 0.9047872750529059,
    "f1": 0.8444534400101218,
    "mcc": 0.7643848605441731,
    "specificity": 0.9430322428272008,
    "auc": 0.9789322730241778,
    "auprc": 0.924867141672593,
    "top_k_acc": 0.9987777354220746,
    "balanced_acc": 0.9047872750529059
  },
  "confusion_matrix": [
    [
      127690,
      4154,
      5916
    ],
    [
      1089,
      12670,
      17
    ],
    [
      1773,
      43,
      11915
    ]
  ]
}