{
  "ratio": "2_1_1",
  "set": "set_9",
  "metrics": {
    "accuracy": 0.9156165643800462,
    "precision": 0.8867765466619394,
    "recall": 0.9046602425325808,
    "f1": 0.8954194466872782,
    "mcc": 0.8338423460871632,
    "specificity": 0.9454276031257877,
    "auc": 0.9801264143180003,
    "auprc": 0.9562239587289784,
    "top_k_acc": 0.9980147922189538,
    "balanced_acc": 0.9046602425325808
  },
  "confusion_matrix": [
    [
      51055,
      1693,
      2356
    ],
    [
      1089,
      12670,
      17
    ],
    [
      1773,
      43,
      11915
    ]
  ]
}