{
  "ratio": "2_1_1",
  "set": "set_9",
  "metrics": {
    "accuracy": 0.904488530387811,
    "precision": 0.9107561840642786,
    "recall": 0.904448521665372,
    "f1": 0.9056331529345892,
    "mcc": 0.8587226816046793,
    "specificity": 0.9522297819070614,
    "auc": 0.9833668076637236,
    "auprc": 0.9665519445266142,
    "top_k_acc": 0.9963907661749388,
    "balanced_acc": 0.904448521665372
  },
  "confusion_matrix": [
    [
      12755,
      454,
      567
    ],
    [
      1089,
      12670,
      17
    ],
    [
      1773,
      43,
      11915
    ]
  ]
}