{
  "ratio": "2_1_1",
  "set": "set_9",
  "metrics": {
    "accuracy": 0.9097331952995877,
    "precision": 0.9135802266164276,
    "recall": 0.9043759316537576,
    "f1": 0.9087375323101222,
    "mcc": 0.8549275064758263,
    "specificity": 0.9483076456200269,
    "auc": 0.9815084159036002,
    "auprc": 0.9664191618551862,
    "top_k_acc": 0.9971485134128844,
    "balanced_acc": 0.9043759316537576
  },
  "confusion_matrix": [
    [
      25504,
      876,
      1172
    ],
    [
      1089,
      12670,
      17
    ],
    [
      1773,
      43,
      11915
    ]
  ]
}