{
  "best_metrics": {
    "accuracy": 0.9188528788780751,
    "precision": 0.9195019697231657,
    "recall": 0.9164253315969679,
    "specificity": 0.9544874953955823,
    "f1": 0.917936988016673,
    "mcc": 0.8697187960342674,
    "auc": 0.9846789673465383,
    "balanced_acc": 0.9164253315969679
  },
  "training_history": {
    "train_loss": [
      0.26512191111111333,
      0.22902886481105564,
      0.21858513692821932,
      0.21121890788078088,
      0.20499021097367467,
      0.19984323509522717,
      0.19457497324904902,
      0.1893796945706713,
      0.18522524130066143,
      0.17991689642654599,
      0.1758071948143221,
      0.17231269967437932,
      0.16734272892014465,
      0.16442494376450462
    ],
    "val_loss": [
      0.23843962334913044,
      0.22017608814186657,
      0.21860688791008429,
      0.21551735378061126,
      0.21637346952175368,
      0.21644788580089955,
      0.21427776473808546,
      0.21512858053353215,
      0.21674981149269332,
      0.21987885397772416,
      0.21921750987400263,
      0.2185143616820006,
      0.219953914928431,
      0.22622811640303922
    ]
  }
}