{
  "ratio": "9_1_1",
  "set": "set_9",
  "metrics": {
    "accuracy": 0.9710006080448684,
    "precision": 0.5908655200001267,
    "recall": 0.8441616962533373,
    "f1": 0.6731717657179156,
    "mcc": 0.5369885057452746,
    "specificity": 0.9182561780550625,
    "auc": 0.9791015032830995,
    "auprc": 0.7534449385608092,
    "top_k_acc": 0.9998745417387517,
    "balanced_acc": 0.8441616962533373
  },
  "confusion_matrix": [
    [
      1340750,
      13825,
      20775
    ],
    [
      2436,
      11331,
      9
    ],
    [
      3624,
      13,
      10094
    ]
  ]
}