{
  "ratio": "9_1_1",
  "set": "set_9",
  "metrics": {
    "accuracy": 0.8772044534045297,
    "precision": 0.9172986416573883,
    "recall": 0.8443326708404416,
    "f1": 0.8712904472673428,
    "mcc": 0.806332609606085,
    "specificity": 0.9209076599331866,
    "auc": 0.9824370920625451,
    "auprc": 0.9685222340078852,
    "top_k_acc": 0.997094026408035,
    "balanced_acc": 0.8443326708404416
  },
  "confusion_matrix": [
    [
      26873,
      275,
      404
    ],
    [
      2436,
      11331,
      9
    ],
    [
      3624,
      13,
      10094
    ]
  ]
}