{
  "ratio": "9_1_1",
  "set": "set_9",
  "metrics": {
    "accuracy": 0.9106293350764426,
    "precision": 0.9270864735193004,
    "recall": 0.8446774733956101,
    "f1": 0.8799922001152493,
    "mcc": 0.8163662624305102,
    "specificity": 0.920160022056669,
    "auc": 0.9812670040999479,
    "auprc": 0.958818073778437,
    "top_k_acc": 0.9980632119209306,
    "balanced_acc": 0.8446774733956101
  },
  "confusion_matrix": [
    [
      53803,
      520,
      781
    ],
    [
      2436,
      11331,
      9
    ],
    [
      3624,
      13,
      10094
    ]
  ]
}