{
  "ratio": "9_1_1",
  "set": "set_9",
  "metrics": {
    "accuracy": 0.9433220183097654,
    "precision": 0.8960249402387972,
    "recall": 0.8445988342163612,
    "f1": 0.8686934140859641,
    "mcc": 0.7981108440982925,
    "specificity": 0.9192888890255159,
    "auc": 0.980155196011323,
    "auprc": 0.9289023185881295,
    "top_k_acc": 0.9990318696412472,
    "balanced_acc": 0.8445988342163612
  },
  "confusion_matrix": [
    [
      134475,
      1302,
      1983
    ],
    [
      2436,
      11331,
      9
    ],
    [
      3624,
      13,
      10094
    ]
  ]
}