{
  "ratio": "9_1_1",
  "set": "set_9",
  "metrics": {
    "accuracy": 0.8445607150643122,
    "precision": 0.8853775821636862,
    "recall": 0.8444415558578632,
    "f1": 0.8483750861015867,
    "mcc": 0.7841991200823843,
    "specificity": 0.922241973820031,
    "auc": 0.9840633616705562,
    "auprc": 0.968759975841841,
    "top_k_acc": 0.9961243126710753,
    "balanced_acc": 0.8444415558578632
  },
  "confusion_matrix": [
    [
      13441,
      142,
      193
    ],
    [
      2436,
      11331,
      9
    ],
    [
      3624,
      13,
      10094
    ]
  ]
}