{
  "best_metrics": {
    "accuracy": 0.9472293727137244,
    "precision": 0.9037696596446355,
    "recall": 0.8736948094465226,
    "specificity": 0.9338067950256446,
    "f1": 0.8881985674524594,
    "mcc": 0.8268091436568829,
    "auc": 0.9834774437244348,
    "balanced_acc": 0.8736948094465226
  },
  "training_history": {
    "train_loss": [
      0.1779210949009397,
      0.1592622764850117,
      0.15540031632537787,
      0.15316346784237442,
      0.15182131867513826,
      0.15065843669628232,
      0.1498983253886605,
      0.14897981386136544,
      0.14869670383065617,
      0.14826025662814957,
      0.14790363512578364,
      0.14774511517238068,
      0.14740589392923104,
      0.14730553149975328,
      0.14725425587880206,
      0.14712742894446337,
      0.1467271123749947,
      0.14676444630630664,
      0.14673168380717347,
      0.1464775621636303,
      0.14623927893831645,
      0.14625415725265445,
      0.14633523326929412,
      0.14624846284251822,
      0.14603140089449376,
      0.1462169382083053,
      0.14605611984076902
    ],
    "val_loss": [
      0.15781370059891053,
      0.15186930196405973,
      0.14902619092265326,
      0.14728333663244328,
      0.14639813298647583,
      0.1465407443787893,
      0.14561596438448327,
      0.1528693227592301,
      0.1450559163743249,
      0.14524323393514615,
      0.1455547604469564,
      0.14545223734860852,
      0.1447001252240261,
      0.14649713858731386,
      0.1460949244156456,
      0.14439276389838337,
      0.14603148104041913,
      0.14473819482208486,
      0.1442460636860449,
      0.14391631430032567,
      0.1445629169777173,
      0.14406882456870712,
      0.14554973033514368,
      0.1442536550861182,
      0.14466323947229295,
      0.14491936611133363,
      0.14467295636101246
    ]
  }
}