{
  "best_metrics": {
    "accuracy": 0.9124300836684694,
    "precision": 0.9126266344192423,
    "recall": 0.9125623055850755,
    "specificity": 0.9561849271942452,
    "f1": 0.912588981867705,
    "mcc": 0.8686401063595002,
    "auc": 0.9833235395703541,
    "balanced_acc": 0.9125623055850755
  },
  "training_history": {
    "train_loss": [
      0.27341819987373245,
      0.255032476535752,
      0.25150092299166715,
      0.2498698487702178,
      0.24897330114821628,
      0.24872227278340314,
      0.2484225268217159,
      0.24895622040456453,
      0.2485960592762601,
      0.24823853703203602,
      0.24816600970393074,
      0.24774448695668613,
      0.2472246927698988
    ],
    "val_loss": [
      0.24659372280839026,
      0.23463321298626708,
      0.23010314231024576,
      0.23357412870378383,
      0.2340027919439074,
      0.2277933486165206,
      0.2306239676158394,
      0.23229158556089924,
      0.2292432353755326,
      0.22836477086750462,
      0.2305790727672655,
      0.22885371985677067,
      0.22869665870891664
    ]
  }
}