{
  "ratio": "4_1_1",
  "set": "set_2",
  "metrics": {
    "accuracy": 0.885691446842526,
    "precision": 0.9032353866356174,
    "recall": 0.8856162376544643,
    "f1": 0.8879011134864117,
    "mcc": 0.8353108727348355,
    "specificity": 0.9428213648245888,
    "auc": 0.9836016438785266,
    "auprc": 0.9674984795983184,
    "top_k_acc": 0.9960274204878521,
    "balanced_acc": 0.8856162376544643
  },
  "confusion_matrix": [
    [
      13171,
      273,
      332
    ],
    [
      1584,
      12180,
      12
    ],
    [
      2485,
      33,
      11213
    ]
  ]
}