{
  "ratio": "4_1_1",
  "set": "set_2",
  "metrics": {
    "accuracy": 0.9390380414722842,
    "precision": 0.8540693929876051,
    "recall": 0.8858315880222537,
    "f1": 0.8693220039042897,
    "mcc": 0.7973203219908988,
    "specificity": 0.9374783993208569,
    "auc": 0.9794134290708142,
    "auprc": 0.9274800482920149,
    "top_k_acc": 0.9989290057906297,
    "balanced_acc": 0.8858315880222537
  },
  "confusion_matrix": [
    [
      131799,
      2351,
      3610
    ],
    [
      1584,
      12180,
      12
    ],
    [
      2485,
      33,
      11213
    ]
  ]
}