{
  "ratio": "4_1_1",
  "set": "set_2",
  "metrics": {
    "accuracy": 0.903321891062315,
    "precision": 0.9212968946213259,
    "recall": 0.8856283359897335,
    "f1": 0.9007874323986617,
    "mcc": 0.84508788810235,
    "specificity": 0.9405723745493987,
    "auc": 0.9818914707040043,
    "auprc": 0.9675567656325367,
    "top_k_acc": 0.9969850523983363,
    "balanced_acc": 0.8856283359897335
  },
  "confusion_matrix": [
    [
      26343,
      508,
      701
    ],
    [
      1584,
      12180,
      12
    ],
    [
      2485,
      33,
      11213
    ]
  ]
}