{
  "ratio": "4_1_1",
  "set": "set_2",
  "metrics": {
    "accuracy": 0.9215721877231846,
    "precision": 0.9136009318642984,
    "recall": 0.8859489418743637,
    "f1": 0.8990663957103098,
    "mcc": 0.8404776221674856,
    "specificity": 0.9390254847227121,
    "auc": 0.9807025060374227,
    "auprc": 0.9580941665338504,
    "top_k_acc": 0.9979663725169772,
    "balanced_acc": 0.8859489418743637
  },
  "confusion_matrix": [
    [
      52739,
      934,
      1431
    ],
    [
      1584,
      12180,
      12
    ],
    [
      2485,
      33,
      11213
    ]
  ]
}