{
  "ratio": "4_1_1",
  "set": "set_2",
  "metrics": {
    "accuracy": 0.953064353672541,
    "precision": 0.5194163515643678,
    "recall": 0.8852941831099702,
    "f1": 0.6056843386300045,
    "mcc": 0.4722408685381775,
    "specificity": 0.9358676756524914,
    "auc": 0.9782434413459583,
    "auprc": 0.750446786688558,
    "top_k_acc": 0.9997875763531137,
    "balanced_acc": 0.8852941831099702
  },
  "confusion_matrix": [
    [
      1313620,
      24947,
      36783
    ],
    [
      1584,
      12180,
      12
    ],
    [
      2485,
      33,
      11213
    ]
  ]
}