{
  "best_metrics": {
    "accuracy": 0.928570770449813,
    "precision": 0.9149490970436567,
    "recall": 0.9030761899492173,
    "specificity": 0.9473805983066281,
    "f1": 0.9088889214556893,
    "mcc": 0.8555448823452859,
    "auc": 0.9842394698151097,
    "balanced_acc": 0.9030761899492173
  },
  "training_history": {
    "train_loss": [
      0.23633773724035204,
      0.20692797270391464,
      0.1993620642089505,
      0.19453981505482737,
      0.19071561870193404,
      0.18793593355295757,
      0.18492422161854835,
      0.18219244173303256,
      0.17976408820463796,
      0.17757787295622393,
      0.1758850379269216,
      0.17378984248973708,
      0.17209969911313983,
      0.1705297816315315,
      0.1690066705042435,
      0.16726393817409135,
      0.16576306522231746,
      0.16495253871634077
    ],
    "val_loss": [
      0.20570522896760265,
      0.19949675613463475,
      0.19818905970409786,
      0.19632617803232993,
      0.19429240731666703,
      0.1910759213823961,
      0.1922868970638572,
      0.1904079208597847,
      0.19044962250475952,
      0.1920485763271195,
      0.18967429995108445,
      0.19096852643402804,
      0.19352761081151112,
      0.19205570609409364,
      0.19278407267822362,
      0.19438568068194956,
      0.19246897637181776,
      0.19413695467828304
    ]
  }
}