{
  "ratio": "9_1_1",
  "set": "set_3",
  "metrics": {
    "accuracy": 0.830075333672456,
    "precision": 0.878950630969293,
    "recall": 0.8299322975360907,
    "f1": 0.8340047298196528,
    "mcc": 0.7663565270092727,
    "specificity": 0.9149946804270327,
    "auc": 0.9831984784413175,
    "auprc": 0.9667686035008174,
    "top_k_acc": 0.9964149892207446,
    "balanced_acc": 0.8299322975360907
  },
  "confusion_matrix": [
    [
      13467,
      145,
      164
    ],
    [
      2564,
      11207,
      5
    ],
    [
      4122,
      15,
      9594
    ]
  ]
}