{
  "ratio": "9_1_1",
  "set": "set_3",
  "metrics": {
    "accuracy": 0.90466160680781,
    "precision": 0.9267720591661134,
    "recall": 0.8303315425999699,
    "f1": 0.8702110900700425,
    "mcc": 0.8039384652723289,
    "specificity": 0.9132176740371133,
    "auc": 0.9802538060599529,
    "auprc": 0.9569615976212752,
    "top_k_acc": 0.9982084710268608,
    "balanced_acc": 0.8303315425999699
  },
  "confusion_matrix": [
    [
      53934,
      528,
      642
    ],
    [
      2564,
      11207,
      5
    ],
    [
      4122,
      15,
      9594
    ]
  ]
}