{
  "ratio": "9_1_1",
  "set": "set_3",
  "metrics": {
    "accuracy": 0.9733650685707809,
    "precision": 0.6020738053341689,
    "recall": 0.8299784753076699,
    "f1": 0.6806449467037643,
    "mcc": 0.5444258752445905,
    "specificity": 0.9116163900756985,
    "auc": 0.9779577659287041,
    "auprc": 0.7512760989178945,
    "top_k_acc": 0.9998916496834673,
    "balanced_acc": 0.8299784753076699
  },
  "confusion_matrix": [
    [
      1344691,
      13647,
      17012
    ],
    [
      2564,
      11207,
      5
    ],
    [
      4122,
      15,
      9594
    ]
  ]
}