{
  "ratio": "9_1_1",
  "set": "set_3",
  "metrics": {
    "accuracy": 0.8672333315170998,
    "precision": 0.914136682998758,
    "recall": 0.8301016742298576,
    "f1": 0.8595832395506187,
    "mcc": 0.7915861542221883,
    "specificity": 0.913942698448698,
    "auc": 0.9814957854462364,
    "auprc": 0.9668165204022875,
    "top_k_acc": 0.9973119744274324,
    "balanced_acc": 0.8301016742298576
  },
  "confusion_matrix": [
    [
      26948,
      280,
      324
    ],
    [
      2564,
      11207,
      5
    ],
    [
      4122,
      15,
      9594
    ]
  ]
}