{
  "ratio": "9_1_1",
  "set": "set_3",
  "metrics": {
    "accuracy": 0.942160261879262,
    "precision": 0.9026113541738751,
    "recall": 0.8305057586278443,
    "f1": 0.8631191782239164,
    "mcc": 0.7917329044121783,
    "specificity": 0.9126576385939958,
    "auc": 0.979139304832155,
    "auprc": 0.926832810169186,
    "top_k_acc": 0.9991044794181536,
    "balanced_acc": 0.8305057586278443
  },
  "confusion_matrix": [
    [
      134907,
      1256,
      1597
    ],
    [
      2564,
      11207,
      5
    ],
    [
      4122,
      15,
      9594
    ]
  ]
}