{
  "best_metrics": {
    "accuracy": 0.9466247171165204,
    "precision": 0.9083852532969949,
    "recall": 0.8629992031869191,
    "specificity": 0.9288680244057096,
    "f1": 0.8843715004358926,
    "mcc": 0.8220801303938005,
    "auc": 0.9827896090883849,
    "balanced_acc": 0.8629992031869191
  },
  "training_history": {
    "train_loss": [
      0.17783174303196986,
      0.15870939059800515,
      0.155439173699536,
      0.15292592221723614,
      0.1515419903169646,
      0.15047278418943388,
      0.14955420426224456,
      0.148584639840131,
      0.1482709162746263,
      0.14781774948495954,
      0.1474370339763535,
      0.14718724062676486,
      0.14695690160453864,
      0.14679489433088766,
      0.14661268797539473,
      0.14643298151571466,
      0.14620784733657616,
      0.14614713418628172
    ],
    "val_loss": [
      0.1579489920250209,
      0.1551971615018507,
      0.1522302906587789,
      0.15032577237781308,
      0.14918133920718651,
      0.14831948439076212,
      0.14823393080891112,
      0.14742580891293178,
      0.14699033697443195,
      0.1469992057421477,
      0.1465875680414311,
      0.14687947560068343,
      0.14712417387091153,
      0.14850319391243566,
      0.14666597908959383,
      0.14722750335038248,
      0.14665422287325192,
      0.14785714550968326
    ]
  }
}