{
  "ratio": "1_1_1",
  "set": "set_3",
  "metrics": {
    "accuracy": 0.8812124115287588,
    "precision": 0.4259068637965,
    "recall": 0.9126184913973558,
    "f1": 0.4730585049273992,
    "mcc": 0.3350762768464659,
    "specificity": 0.9377525600198098,
    "auc": 0.9771337826989832,
    "auprc": 0.7341370902850671,
    "top_k_acc": 0.998254989639001,
    "balanced_acc": 0.9126184913973558
  },
  "confusion_matrix": [
    [
      1210666,
      64119,
      100565
    ],
    [
      782,
      12968,
      26
    ],
    [
      1092,
      58,
      12581
    ]
  ]
}