{
  "ratio": "1_1_1",
  "set": "set_3",
  "metrics": {
    "accuracy": 0.8969870840444977,
    "precision": 0.8509811961493132,
    "recall": 0.9128975792629427,
    "f1": 0.877710470967076,
    "mcc": 0.809628250967594,
    "specificity": 0.9451685824167207,
    "auc": 0.9796170649460869,
    "auprc": 0.9546597579911387,
    "top_k_acc": 0.9973732311677621,
    "balanced_acc": 0.9128975792629427
  },
  "confusion_matrix": [
    [
      48552,
      2542,
      4010
    ],
    [
      782,
      12968,
      26
    ],
    [
      1092,
      58,
      12581
    ]
  ]
}