{
  "ratio": "1_1_1",
  "set": "set_3",
  "metrics": {
    "accuracy": 0.9124821355037183,
    "precision": 0.9128501194459812,
    "recall": 0.9124862358637943,
    "f1": 0.9126389657118245,
    "mcc": 0.8687509158272008,
    "specificity": 0.9562370371397807,
    "auc": 0.982812247002881,
    "auprc": 0.9655998396312927,
    "top_k_acc": 0.9963423200833272,
    "balanced_acc": 0.9124862358637943
  },
  "confusion_matrix": [
    [
      12121,
      679,
      976
    ],
    [
      782,
      12968,
      26
    ],
    [
      1092,
      58,
      12581
    ]
  ]
}