{
  "ratio": "1_1_1",
  "set": "set_3",
  "metrics": {
    "accuracy": 0.9045932545087997,
    "precision": 0.8983523923583728,
    "recall": 0.9126677108928304,
    "f1": 0.9049022783798986,
    "mcc": 0.8495850109344398,
    "specificity": 0.9500251117224353,
    "auc": 0.9809969631165875,
    "auprc": 0.9653634284057905,
    "top_k_acc": 0.9968215913837883,
    "balanced_acc": 0.9126677108928304
  },
  "confusion_matrix": [
    [
      24257,
      1307,
      1988
    ],
    [
      782,
      12968,
      26
    ],
    [
      1092,
      58,
      12581
    ]
  ]
}