{
  "ratio": "1_1_1",
  "set": "set_3",
  "metrics": {
    "accuracy": 0.8889614986657953,
    "precision": 0.736644490920077,
    "recall": 0.9128661235912432,
    "f1": 0.8013859694540528,
    "mcc": 0.7112012551788345,
    "specificity": 0.941042055341196,
    "auc": 0.9783625193838716,
    "auprc": 0.9216926708027339,
    "top_k_acc": 0.9979064180991971,
    "balanced_acc": 0.9128661235912432
  },
  "confusion_matrix": [
    [
      121367,
      6310,
      10083
    ],
    [
      782,
      12968,
      26
    ],
    [
      1092,
      58,
      12581
    ]
  ]
}