{
  "best_metrics": {
    "accuracy": 0.9212684324874035,
    "precision": 0.9211460351654471,
    "recall": 0.9213142270408555,
    "specificity": 0.960647955886149,
    "f1": 0.9211666204561461,
    "mcc": 0.881966670674905,
    "auc": 0.9858488122642882,
    "balanced_acc": 0.9213142270408555
  },
  "training_history": {
    "train_loss": [
      0.26127888846677094,
      0.2215276745892867,
      0.20974818994972672,
      0.20084511221058285,
      0.19299682961886608,
      0.1860357952981633,
      0.17917810716555527,
      0.17308676442234672,
      0.16702968188739126,
      0.16041187935262205,
      0.15460038944651433,
      0.15000136718188353
    ],
    "val_loss": [
      0.23252550999882846,
      0.2149421545942641,
      0.2154618158394402,
      0.2123669781983491,
      0.20915483735360216,
      0.21356113631916637,
      0.21483035990485744,
      0.2137257738127841,
      0.218509982037725,
      0.2178491504534942,
      0.22473079444344515,
      0.22298211295608675
    ]
  }
}