{
  "ratio": "9_1_1",
  "set": "set_8",
  "metrics": {
    "accuracy": 0.8710292595216041,
    "precision": 0.9151852982971483,
    "recall": 0.8355104574446912,
    "f1": 0.863971927267746,
    "mcc": 0.7971865137382831,
    "specificity": 0.916621147765102,
    "auc": 0.9820180645630573,
    "auprc": 0.9674492634483668,
    "top_k_acc": 0.9973664614322817,
    "balanced_acc": 0.8355104574446912
  },
  "confusion_matrix": [
    [
      26920,
      288,
      344
    ],
    [
      2489,
      11281,
      6
    ],
    [
      3952,
      22,
      9757
    ]
  ]
}