{
  "ratio": "9_1_1",
  "set": "set_8",
  "metrics": {
    "accuracy": 0.9071310116086235,
    "precision": 0.9272063774915383,
    "recall": 0.8358794566703978,
    "f1": 0.8740875299148433,
    "mcc": 0.8091091484489211,
    "specificity": 0.9159881487958041,
    "auc": 0.9808452218429725,
    "auprc": 0.9577610005470479,
    "top_k_acc": 0.9982447858033434,
    "balanced_acc": 0.8358794566703978
  },
  "confusion_matrix": [
    [
      53901,
      538,
      665
    ],
    [
      2489,
      11281,
      6
    ],
    [
      3952,
      22,
      9757
    ]
  ]
}