{
  "ratio": "9_1_1",
  "set": "set_8",
  "metrics": {
    "accuracy": 0.8353559576581159,
    "precision": 0.8808879630328131,
    "recall": 0.8352200973982336,
    "f1": 0.8391888527768986,
    "mcc": 0.772681908168566,
    "specificity": 0.9176366697303995,
    "auc": 0.9835713352418359,
    "auprc": 0.9672754777053854,
    "top_k_acc": 0.9965118814039677,
    "balanced_acc": 0.8352200973982336
  },
  "confusion_matrix": [
    [
      13448,
      153,
      175
    ],
    [
      2489,
      11281,
      6
    ],
    [
      3952,
      22,
      9757
    ]
  ]
}