{
  "ratio": "9_1_1",
  "set": "set_8",
  "metrics": {
    "accuracy": 0.9725617080001739,
    "precision": 0.5973530817454561,
    "recall": 0.8353954293916482,
    "f1": 0.6777155457340313,
    "mcc": 0.5421650353804053,
    "specificity": 0.9142561044805079,
    "auc": 0.9786007055996843,
    "auprc": 0.7530444836143636,
    "top_k_acc": 0.9998866598662587,
    "balanced_acc": 0.8353954293916482
  },
  "confusion_matrix": [
    [
      1343327,
      14031,
      17992
    ],
    [
      2489,
      11281,
      6
    ],
    [
      3952,
      22,
      9757
    ]
  ]
}