{
  "ratio": "9_1_1",
  "set": "set_8",
  "metrics": {
    "accuracy": 0.9424688534311145,
    "precision": 0.8992710095996065,
    "recall": 0.8358032371582026,
    "f1": 0.8648788180420915,
    "mcc": 0.7937087043861285,
    "specificity": 0.9151997941206261,
    "auc": 0.9797339317654096,
    "auprc": 0.9278712310228344,
    "top_k_acc": 0.9991226318623803,
    "balanced_acc": 0.8358032371582026
  },
  "confusion_matrix": [
    [
      134721,
      1317,
      1722
    ],
    [
      2489,
      11281,
      6
    ],
    [
      3952,
      22,
      9757
    ]
  ]
}