{
  "best_metrics": {
    "accuracy": 0.9465268682854376,
    "precision": 0.9060902693084704,
    "recall": 0.8677216798265794,
    "specificity": 0.930947208263209,
    "f1": 0.8859785865311686,
    "mcc": 0.8238399020187076,
    "auc": 0.9828613584651856,
    "balanced_acc": 0.8677216798265794
  },
  "training_history": {
    "train_loss": [
      0.17745767463387116,
      0.1586310568464963,
      0.15463858262318375,
      0.1527672350060169,
      0.15103170940657767,
      0.15023921429469647,
      0.1494338774427919,
      0.14861253470844366,
      0.1482644253696993,
      0.1477317649385395,
      0.14733003137391598,
      0.14701671744430703,
      0.14700943797211424,
      0.14672554357763068,
      0.14651066102753424,
      0.14637493929548062,
      0.14630423849804608,
      0.1460073653211186,
      0.14587720509473207,
      0.1457191530295014,
      0.14578353219440396,
      0.1457071917391294,
      0.14555072237309122,
      0.14556197253611075,
      0.14546794104193853,
      0.14570250866163398,
      0.14550387549058502,
      0.1453048648626024,
      0.14533247939410557,
      0.14564740394124276,
      0.14529697823106802,
      0.14534888545388985,
      0.1452818966218293,
      0.1452254682372955,
      0.14535005729987036,
      0.14522301817556035,
      0.14540823959464566,
      0.14507741126439536,
      0.14538447891972284,
      0.145204363043351,
      0.14532145526740034,
      0.14508215186091425
    ],
    "val_loss": [
      0.15949880437434213,
      0.15500030617856844,
      0.15284066144256328,
      0.15360421000913102,
      0.1518525505723227,
      0.1506062215928324,
      0.14823992458395585,
      0.1483309688261405,
      0.14855149535121365,
      0.1482726534231589,
      0.14775943296522623,
      0.14818259856148983,
      0.14828293603057835,
      0.14839881842142677,
      0.14811739670425886,
      0.14696195800937334,
      0.14780759820688094,
      0.14800858273212794,
      0.14839058198292765,
      0.14753022283327472,
      0.14802110526782847,
      0.1473602555005449,
      0.14681184267815237,
      0.1474941038615728,
      0.14754812196084408,
      0.14652401186094421,
      0.14733287798613157,
      0.14649834730950956,
      0.1471243401355,
      0.1472288423270926,
      0.14781643716375026,
      0.14713028310070084,
      0.147476797574212,
      0.14743348295927888,
      0.14635358810069785,
      0.15012366937217106,
      0.14718516971431717,
      0.1468070925125955,
      0.14714374125513463,
      0.1479222999880005,
      0.14751293735857865,
      0.147057758696648
    ]
  }
}