{
  "ratio": "4_1_1",
  "set": "set_3",
  "metrics": {
    "accuracy": 0.9368960530535436,
    "precision": 0.84783221292732,
    "recall": 0.8835688477694572,
    "f1": 0.8648949776538933,
    "mcc": 0.791041087678913,
    "specificity": 0.9360845115796014,
    "auc": 0.9793648888970097,
    "auprc": 0.9268074962304474,
    "top_k_acc": 0.9989169041611453,
    "balanced_acc": 0.8835688477694572
  },
  "confusion_matrix": [
    [
      131509,
      2730,
      3521
    ],
    [
      1496,
      12273,
      7
    ],
    [
      2635,
      40,
      11056
    ]
  ]
}