{
  "ratio": "4_1_1",
  "set": "set_3",
  "metrics": {
    "accuracy": 0.9007246771644962,
    "precision": 0.9184078502980366,
    "recall": 0.8831115306962865,
    "f1": 0.8979834635578817,
    "mcc": 0.8408765251968839,
    "specificity": 0.9391670987412596,
    "auc": 0.981822177419331,
    "auprc": 0.9673787036591387,
    "top_k_acc": 0.9968760783886377,
    "balanced_acc": 0.8831115306962865
  },
  "confusion_matrix": [
    [
      26264,
      574,
      714
    ],
    [
      1496,
      12273,
      7
    ],
    [
      2635,
      40,
      11056
    ]
  ]
}