{
  "ratio": "4_1_1",
  "set": "set_3",
  "metrics": {
    "accuracy": 0.9189212090399583,
    "precision": 0.909300325112342,
    "recall": 0.8834502840838203,
    "f1": 0.8956048189966652,
    "mcc": 0.8352057137965244,
    "specificity": 0.9375137874320206,
    "auc": 0.9805275793161717,
    "auprc": 0.9572644550986417,
    "top_k_acc": 0.9979058478895062,
    "balanced_acc": 0.8834502840838203
  },
  "confusion_matrix": [
    [
      52584,
      1116,
      1404
    ],
    [
      1496,
      12273,
      7
    ],
    [
      2635,
      40,
      11056
    ]
  ]
}