{
  "ratio": "4_1_1",
  "set": "set_3",
  "metrics": {
    "accuracy": 0.9514134370074783,
    "precision": 0.5120304383942161,
    "recall": 0.883187345839867,
    "f1": 0.5973718043971677,
    "mcc": 0.46452667036447975,
    "specificity": 0.9345754596204775,
    "auc": 0.9782231339258498,
    "auprc": 0.750086991550285,
    "top_k_acc": 0.9997918533392925,
    "balanced_acc": 0.883187345839867
  },
  "confusion_matrix": [
    [
      1311368,
      28087,
      35895
    ],
    [
      1496,
      12273,
      7
    ],
    [
      2635,
      40,
      11056
    ]
  ]
}