{
  "ratio": "4_1_1",
  "set": "set_3",
  "metrics": {
    "accuracy": 0.8832449192161422,
    "precision": 0.9010602455746569,
    "recall": 0.8831599240373627,
    "f1": 0.8853633773766104,
    "mcc": 0.8318138949741253,
    "specificity": 0.9415975131153397,
    "auc": 0.9836181526182962,
    "auprc": 0.9677294078387216,
    "top_k_acc": 0.9959063052588233,
    "balanced_acc": 0.8831599240373627
  },
  "confusion_matrix": [
    [
      13134,
      301,
      341
    ],
    [
      1496,
      12273,
      7
    ],
    [
      2635,
      40,
      11056
    ]
  ]
}