{
  "best_metrics": {
    "accuracy": 0.9285431293419574,
    "precision": 0.913527465843468,
    "recall": 0.9037968056926369,
    "specificity": 0.9477241770047716,
    "f1": 0.9085664335299485,
    "mcc": 0.8552624056437448,
    "auc": 0.9841715739017193,
    "balanced_acc": 0.9037968056926369
  },
  "training_history": {
    "train_loss": [
      0.2363516274810844,
      0.2070649247666501,
      0.19934923546529845,
      0.1945017907132526,
      0.1908825796367677,
      0.18788309082993282,
      0.18483662717197114,
      0.18208686842455318,
      0.18013324057387792,
      0.1775675100453757,
      0.17573986327049274,
      0.17387568291996292,
      0.17191403390698437,
      0.170456765569871,
      0.1687186685700541,
      0.1672454029214096
    ],
    "val_loss": [
      0.20642816860742327,
      0.1995602174416759,
      0.19532225466197184,
      0.19265634613431684,
      0.1941823396990807,
      0.19144689024608458,
      0.1907674624077362,
      0.19044576929189003,
      0.1896052640684846,
      0.18989794003371893,
      0.19165243120155215,
      0.19106745682483087,
      0.19166859858443577,
      0.1907616655751265,
      0.19164899138105862,
      0.19263703217657674
    ]
  }
}