{
  "ratio": "2_1_1",
  "set": "set_1",
  "metrics": {
    "accuracy": 0.9043431921129763,
    "precision": 0.9103393675585133,
    "recall": 0.9043069100827404,
    "f1": 0.9054827051238554,
    "mcc": 0.8583765554933983,
    "specificity": 0.9521576273246802,
    "auc": 0.9835666109960002,
    "auprc": 0.9675500826299958,
    "top_k_acc": 0.9962454279001042,
    "balanced_acc": 0.9043069100827404
  },
  "confusion_matrix": [
    [
      12728,
      452,
      596
    ],
    [
      1114,
      12646,
      16
    ],
    [
      1723,
      48,
      11960
    ]
  ]
}