{
  "ratio": "2_1_1",
  "set": "set_1",
  "metrics": {
    "accuracy": 0.9251277927828709,
    "precision": 0.4655353616888638,
    "recall": 0.9049115641108334,
    "f1": 0.5368026029347813,
    "mcc": 0.4024578841018089,
    "specificity": 0.941097218777322,
    "auc": 0.9781981619520362,
    "auprc": 0.7449461050904459,
    "top_k_acc": 0.9995901221578536,
    "balanced_acc": 0.9049115641108334
  },
  "confusion_matrix": [
    [
      1273216,
      41131,
      61003
    ],
    [
      1114,
      12646,
      16
    ],
    [
      1723,
      48,
      11960
    ]
  ]
}