{
  "ratio": "2_1_1",
  "set": "set_1",
  "metrics": {
    "accuracy": 0.9215209327936007,
    "precision": 0.799446781193251,
    "recall": 0.9053013932418578,
    "f1": 0.8448773365235397,
    "mcc": 0.764938916416819,
    "specificity": 0.9433286766394487,
    "auc": 0.9794118036168525,
    "auprc": 0.9260708029994742,
    "top_k_acc": 0.9988321927547544,
    "balanced_acc": 0.9053013932418578
  },
  "confusion_matrix": [
    [
      127691,
      4027,
      6042
    ],
    [
      1114,
      12646,
      16
    ],
    [
      1723,
      48,
      11960
    ]
  ]
}