{
  "ratio": "2_1_1",
  "set": "set_1",
  "metrics": {
    "accuracy": 0.9161128663253078,
    "precision": 0.8873875983514431,
    "recall": 0.9052929244071694,
    "f1": 0.8960403214701872,
    "mcc": 0.8348346955808491,
    "specificity": 0.9458081090416389,
    "auc": 0.9805675550204301,
    "auprc": 0.9571380790920573,
    "top_k_acc": 0.9979905823679656,
    "balanced_acc": 0.9052929244071694
  },
  "confusion_matrix": [
    [
      51075,
      1649,
      2380
    ],
    [
      1114,
      12646,
      16
    ],
    [
      1723,
      48,
      11960
    ]
  ]
}