{
  "ratio": "2_1_1",
  "set": "set_1",
  "metrics": {
    "accuracy": 0.909715032964638,
    "precision": 0.9132839066755443,
    "recall": 0.9046214667997362,
    "f1": 0.9087548780456828,
    "mcc": 0.8549102738446892,
    "specificity": 0.9484010349977973,
    "auc": 0.9818689197693544,
    "auprc": 0.9673508994346619,
    "top_k_acc": 0.9971485134128844,
    "balanced_acc": 0.9046214667997362
  },
  "confusion_matrix": [
    [
      25482,
      855,
      1215
    ],
    [
      1114,
      12646,
      16
    ],
    [
      1723,
      48,
      11960
    ]
  ]
}