{
  "best_metrics": {
    "accuracy": 0.9198496532055985,
    "precision": 0.9199172259537559,
    "recall": 0.9184281074221938,
    "specificity": 0.9552819499323552,
    "f1": 0.9191629495000595,
    "mcc": 0.8714364208929518,
    "auc": 0.9850804415315939,
    "balanced_acc": 0.9184281074221938
  },
  "training_history": {
    "train_loss": [
      0.2647847341268795,
      0.2283422240999347,
      0.21790864996999254,
      0.21055942150616752,
      0.20425939108521102,
      0.19875046436114835,
      0.19429142166178423,
      0.18938707820520254,
      0.18452306154354298,
      0.18009616945835338,
      0.17549695743466653,
      0.17142926866723163,
      0.16822175946850698,
      0.16374653536776398
    ],
    "val_loss": [
      0.23402157422662262,
      0.22723318615148583,
      0.2168117854994584,
      0.2169816194562021,
      0.21355171747455226,
      0.21262945532600727,
      0.21150745073418453,
      0.21357878630555188,
      0.2160146293224514,
      0.21596725491696936,
      0.2184300500746226,
      0.2200021433641792,
      0.2188897837960266,
      0.22013210450404125
    ]
  }
}