{
  "ratio": "2_1_1",
  "set": "set_3",
  "metrics": {
    "accuracy": 0.9170086308118773,
    "precision": 0.8893152662084797,
    "recall": 0.9055831033883077,
    "f1": 0.8971685891169828,
    "mcc": 0.8363710554621878,
    "specificity": 0.9460647817149627,
    "auc": 0.9804647516027849,
    "auprc": 0.9568410252300366,
    "top_k_acc": 0.9979421626659888,
    "balanced_acc": 0.9055831033883077
  },
  "confusion_matrix": [
    [
      51158,
      1513,
      2433
    ],
    [
      1191,
      12563,
      22
    ],
    [
      1660,
      37,
      12034
    ]
  ]
}