{
  "ratio": "2_1_1",
  "set": "set_3",
  "metrics": {
    "accuracy": 0.9110045587460724,
    "precision": 0.9152464917787407,
    "recall": 0.9053774316887336,
    "f1": 0.9100863596061971,
    "mcc": 0.8569336296227019,
    "specificity": 0.9489177623861552,
    "auc": 0.9817420308035366,
    "auprc": 0.9667744649825046,
    "top_k_acc": 0.9970577017381355,
    "balanced_acc": 0.9053774316887336
  },
  "confusion_matrix": [
    [
      25562,
      774,
      1216
    ],
    [
      1191,
      12563,
      22
    ],
    [
      1660,
      37,
      12034
    ]
  ]
}