{
  "ratio": "2_1_1",
  "set": "set_3",
  "metrics": {
    "accuracy": 0.9227068924830728,
    "precision": 0.8032158605215897,
    "recall": 0.9055855230553617,
    "f1": 0.8471433020120607,
    "mcc": 0.7675526251866364,
    "specificity": 0.9436211938676168,
    "auc": 0.9793332426516538,
    "auprc": 0.926047243468617,
    "top_k_acc": 0.9988624468284655,
    "balanced_acc": 0.9055855230553617
  },
  "confusion_matrix": [
    [
      127896,
      3679,
      6185
    ],
    [
      1191,
      12563,
      22
    ],
    [
      1660,
      37,
      12034
    ]
  ]
}