{
  "ratio": "2_1_1",
  "set": "set_3",
  "metrics": {
    "accuracy": 0.9057723518155173,
    "precision": 0.9121836290384072,
    "recall": 0.9057403817468058,
    "f1": 0.9069919896729756,
    "mcc": 0.8606660385349816,
    "specificity": 0.9528721416261184,
    "auc": 0.9835247002019377,
    "auprc": 0.9668414839008493,
    "top_k_acc": 0.9961969818084926,
    "balanced_acc": 0.9057403817468058
  },
  "confusion_matrix": [
    [
      12796,
      413,
      567
    ],
    [
      1191,
      12563,
      22
    ],
    [
      1660,
      37,
      12034
    ]
  ]
}