{
  "ratio": "2_1_1",
  "set": "set_3",
  "metrics": {
    "accuracy": 0.9268998907230032,
    "precision": 0.47035813783005187,
    "recall": 0.9053043567409018,
    "f1": 0.5429490657221429,
    "mcc": 0.40673381759603516,
    "specificity": 0.9415274918530772,
    "auc": 0.9782021046488474,
    "auprc": 0.7456379613691007,
    "top_k_acc": 0.9995822810165256,
    "balanced_acc": 0.9053043567409018
  },
  "confusion_matrix": [
    [
      1275711,
      37376,
      62263
    ],
    [
      1191,
      12563,
      22
    ],
    [
      1660,
      37,
      12034
    ]
  ]
}