{
  "best_metrics": {
    "accuracy": 0.918285271274902,
    "precision": 0.9197882537559051,
    "recall": 0.915446336339803,
    "specificity": 0.9540083921859001,
    "f1": 0.9175279969672978,
    "mcc": 0.8689315181946807,
    "auc": 0.9849035887208956,
    "balanced_acc": 0.915446336339803
  },
  "training_history": {
    "train_loss": [
      0.2643936533393047,
      0.22834198976717138,
      0.21797171323238668,
      0.21080437703434982,
      0.20455034348892662,
      0.19911876018974273,
      0.19433320950249397,
      0.18910272314934592,
      0.1842953445244507,
      0.17990572853786815,
      0.175676912548917,
      0.17190053207801534,
      0.16786487434879663,
      0.1643438807117242
    ],
    "val_loss": [
      0.22814103523092785,
      0.2258290189875208,
      0.21986472247585365,
      0.2178196494073782,
      0.22249899381382074,
      0.21863283967983518,
      0.21319199063769573,
      0.21414833042491666,
      0.21467373066342885,
      0.2185138684713682,
      0.221376725165533,
      0.21866314157059882,
      0.2208013745994145,
      0.22258839920387394
    ]
  }
}