{
  "ratio": "9_1_1",
  "set": "set_10",
  "metrics": {
    "accuracy": 0.9426806319470917,
    "precision": 0.8991070742222775,
    "recall": 0.8371668213096658,
    "f1": 0.8654581391377469,
    "mcc": 0.7946450916056419,
    "specificity": 0.9157627715774351,
    "auc": 0.9793980944571233,
    "auprc": 0.9279668094485949,
    "top_k_acc": 0.9990802761591848,
    "balanced_acc": 0.8371668213096658
  },
  "confusion_matrix": [
    [
      134697,
      1349,
      1714
    ],
    [
      2356,
      11415,
      5
    ],
    [
      4036,
      13,
      9682
    ]
  ]
}