{
  "ratio": "9_1_1",
  "set": "set_10",
  "metrics": {
    "accuracy": 0.8370757939103263,
    "precision": 0.8821608696926919,
    "recall": 0.8369321136054458,
    "f1": 0.8406810601986029,
    "mcc": 0.7751946365936956,
    "specificity": 0.9184969974066785,
    "auc": 0.9836066399656301,
    "auprc": 0.9675028386817018,
    "top_k_acc": 0.9963423200833272,
    "balanced_acc": 0.8369321136054458
  },
  "confusion_matrix": [
    [
      13460,
      143,
      173
    ],
    [
      2356,
      11415,
      5
    ],
    [
      4036,
      13,
      9682
    ]
  ]
}