{
  "ratio": "9_1_1",
  "set": "set_10",
  "metrics": {
    "accuracy": 0.9076757332558618,
    "precision": 0.927333698081708,
    "recall": 0.8372164244842689,
    "f1": 0.8748365987871302,
    "mcc": 0.8102937049848696,
    "specificity": 0.9165625860345189,
    "auc": 0.9806206452122845,
    "auprc": 0.9578416337401482,
    "top_k_acc": 0.9981600513248841,
    "balanced_acc": 0.8372164244842689
  },
  "confusion_matrix": [
    [
      53887,
      545,
      672
    ],
    [
      2356,
      11415,
      5
    ],
    [
      4036,
      13,
      9682
    ]
  ]
}