{
  "ratio": "9_1_1",
  "set": "set_10",
  "metrics": {
    "accuracy": 0.9721888973715781,
    "precision": 0.5945507653397433,
    "recall": 0.836676030548222,
    "f1": 0.6756195232339467,
    "mcc": 0.5402515197282691,
    "specificity": 0.9147126321573863,
    "auc": 0.9781752014043724,
    "auprc": 0.7526047866483728,
    "top_k_acc": 0.9998880855283183,
    "balanced_acc": 0.836676030548222
  },
  "confusion_matrix": [
    [
      1342745,
      14555,
      18050
    ],
    [
      2356,
      11415,
      5
    ],
    [
      4036,
      13,
      9682
    ]
  ]
}