{
  "ratio": "9_1_1",
  "set": "set_10",
  "metrics": {
    "accuracy": 0.8725004086525364,
    "precision": 0.9165872880888223,
    "recall": 0.8371982769813653,
    "f1": 0.8654167395583724,
    "mcc": 0.7996798948002963,
    "specificity": 0.9174731920836211,
    "auc": 0.9819021813174231,
    "auprc": 0.9675503148138652,
    "top_k_acc": 0.9972393250876332,
    "balanced_acc": 0.8371982769813653
  },
  "confusion_matrix": [
    [
      26942,
      279,
      331
    ],
    [
      2356,
      11415,
      5
    ],
    [
      4036,
      13,
      9682
    ]
  ]
}