{
  "best_metrics": {
    "accuracy": 0.9459498110764877,
    "precision": 0.9053208479535618,
    "recall": 0.8656090944953708,
    "specificity": 0.9300348651315198,
    "f1": 0.8844252537061016,
    "mcc": 0.821931639692131,
    "auc": 0.98303927603341,
    "balanced_acc": 0.8656090944953708
  },
  "training_history": {
    "train_loss": [
      0.1775048394396296,
      0.15859537390154518,
      0.15502409178600796,
      0.15295124033432703,
      0.15137510074653499,
      0.15042430556225092,
      0.14935209177576958,
      0.1490276401932794,
      0.1485256641174021,
      0.14806717384142892,
      0.14754803484338927,
      0.14729389546058524,
      0.14700429828449055,
      0.14674689153530207,
      0.1469294870267593,
      0.14661858219906976,
      0.14668274001406464,
      0.1464892131952038,
      0.14602099029637694,
      0.14615285219431387,
      0.14622074060322898,
      0.1461578905068082,
      0.14589408380639232,
      0.14602995105799468,
      0.14574347525090067
    ],
    "val_loss": [
      0.15637793036576075,
      0.15757719159546205,
      0.15334989265842444,
      0.15293407804326986,
      0.15163926955093987,
      0.14954859153424524,
      0.149733937608714,
      0.14935242108317226,
      0.14898177661590178,
      0.14943908440250944,
      0.1479864178060366,
      0.14820251473077684,
      0.14851116851454682,
      0.14900414091144998,
      0.14891597372154128,
      0.14870424460868736,
      0.1478299370068457,
      0.1470195175920838,
      0.14985233514489651,
      0.14838387623517604,
      0.14805359439227342,
      0.14759321152288177,
      0.14753993827642004,
      0.1488031384439,
      0.1496409451515814
    ]
  }
}