{
  "ratio": "2_1_1",
  "set": "set_7",
  "metrics": {
    "accuracy": 0.9163549648351914,
    "precision": 0.8865574151227668,
    "recall": 0.9073359570940429,
    "f1": 0.8965288718903742,
    "mcc": 0.8357956255051147,
    "specificity": 0.9466323100067732,
    "auc": 0.9808625956737315,
    "auprc": 0.9573198700006004,
    "top_k_acc": 0.9976395395286342,
    "balanced_acc": 0.9073359570940429
  },
  "confusion_matrix": [
    [
      50989,
      1798,
      2317
    ],
    [
      992,
      12772,
      12
    ],
    [
      1745,
      46,
      11940
    ]
  ]
}