{
  "ratio": "2_1_1",
  "set": "set_7",
  "metrics": {
    "accuracy": 0.921145782279584,
    "precision": 0.7972904489820691,
    "recall": 0.9074581502802604,
    "f1": 0.8444396444974954,
    "mcc": 0.7651385386270465,
    "specificity": 0.9441838835924745,
    "auc": 0.9797079878415847,
    "auprc": 0.9259468546417354,
    "top_k_acc": 0.9986869732009415,
    "balanced_acc": 0.9074581502802604
  },
  "confusion_matrix": [
    [
      127523,
      4419,
      5818
    ],
    [
      992,
      12772,
      12
    ],
    [
      1745,
      46,
      11940
    ]
  ]
}