{
  "ratio": "2_1_1",
  "set": "set_7",
  "metrics": {
    "accuracy": 0.923801927067406,
    "precision": 0.46213589045368325,
    "recall": 0.9069983404407042,
    "f1": 0.5325595052976296,
    "mcc": 0.40066543618811395,
    "specificity": 0.9418386796383027,
    "auc": 0.978527201726347,
    "auprc": 0.7432562098228827,
    "top_k_acc": 0.9995530549443029,
    "balanced_acc": 0.9069983404407042
  },
  "confusion_matrix": [
    [
      1271250,
      45273,
      58827
    ],
    [
      992,
      12772,
      12
    ],
    [
      1745,
      46,
      11940
    ]
  ]
}