{
  "ratio": "2_1_1",
  "set": "set_7",
  "metrics": {
    "accuracy": 0.9067170506019427,
    "precision": 0.9121398248308742,
    "recall": 0.9066765978218788,
    "f1": 0.9077137437474586,
    "mcc": 0.8617750191551933,
    "specificity": 0.9533448277678405,
    "auc": 0.9839659523637013,
    "auprc": 0.9682575001234183,
    "top_k_acc": 0.9956156287091539,
    "balanced_acc": 0.9066765978218788
  },
  "confusion_matrix": [
    [
      12720,
      475,
      581
    ],
    [
      992,
      12772,
      12
    ],
    [
      1745,
      46,
      11940
    ]
  ]
}