{
  "ratio": "2_1_1",
  "set": "set_7",
  "metrics": {
    "accuracy": 0.9110953704208213,
    "precision": 0.9139396133150669,
    "recall": 0.9068217778451076,
    "f1": 0.9101929383209102,
    "mcc": 0.8572258998691358,
    "specificity": 0.9494187205035655,
    "auc": 0.9820854849721906,
    "auprc": 0.9675447569675709,
    "top_k_acc": 0.9966218056993407,
    "balanced_acc": 0.9068217778451076
  },
  "confusion_matrix": [
    [
      25452,
      920,
      1180
    ],
    [
      992,
      12772,
      12
    ],
    [
      1745,
      46,
      11940
    ]
  ]
}