{
  "best_metrics": {
    "accuracy": 0.9183752578461368,
    "precision": 0.9180787581033173,
    "recall": 0.9173090482863704,
    "specificity": 0.9545912292701916,
    "f1": 0.917691700201536,
    "mcc": 0.869090738700331,
    "auc": 0.9846489988542855,
    "balanced_acc": 0.9173090482863704
  },
  "training_history": {
    "train_loss": [
      0.2643889270734352,
      0.22887151182454918,
      0.21806258964380695,
      0.2108537962792065,
      0.20475881556923636,
      0.19927800607528548,
      0.19445311847637278,
      0.18878885448897684,
      0.18431456772016086,
      0.17976551080718778,
      0.1753144834179986,
      0.17145447052215584,
      0.16736662211870917,
      0.1639011809567272
    ],
    "val_loss": [
      0.23098358787387765,
      0.22703258553640399,
      0.2180948593901896,
      0.2194748243453084,
      0.21995924778198372,
      0.21930090411896178,
      0.21453059705859884,
      0.2160021694359504,
      0.21580944543443764,
      0.2174576656751353,
      0.21975622249466847,
      0.22027896544786538,
      0.2208305075018907,
      0.22540506927310366
    ]
  }
}