{
  "ratio": "1_1_1",
  "set": "set_10",
  "metrics": {
    "accuracy": 0.8827799269633327,
    "precision": 0.42625832460741936,
    "recall": 0.9124789814504884,
    "f1": 0.4739978196256364,
    "mcc": 0.33684625662872986,
    "specificity": 0.93787636588022,
    "auc": 0.9771476625477069,
    "auprc": 0.7357029232761644,
    "top_k_acc": 0.9983875762105475,
    "balanced_acc": 0.9124789814504884
  },
  "confusion_matrix": [
    [
      1212893,
      64933,
      97524
    ],
    [
      794,
      12962,
      20
    ],
    [
      1114,
      58,
      12559
    ]
  ]
}