{
  "ratio": "1_1_1",
  "set": "set_10",
  "metrics": {
    "accuracy": 0.8906859808673238,
    "precision": 0.7388589442588928,
    "recall": 0.9129442280330604,
    "f1": 0.8033934710665641,
    "mcc": 0.7138496889404344,
    "specificity": 0.9413317078206104,
    "auc": 0.9784195950642499,
    "auprc": 0.9226079902309131,
    "top_k_acc": 0.9978822148402282,
    "balanced_acc": 0.9129442280330604
  },
  "confusion_matrix": [
    [
      121680,
      6363,
      9717
    ],
    [
      794,
      12962,
      20
    ],
    [
      1114,
      58,
      12559
    ]
  ]
}