{
  "ratio": "1_1_1",
  "set": "set_10",
  "metrics": {
    "accuracy": 0.9052107738970923,
    "precision": 0.8992717509419009,
    "recall": 0.9127385563334863,
    "f1": 0.905480817689543,
    "mcc": 0.8503628362718636,
    "specificity": 0.9501615532527303,
    "auc": 0.9809936701146545,
    "auprc": 0.9655406522864719,
    "top_k_acc": 0.9966036433643909,
    "balanced_acc": 0.9127385563334863
  },
  "confusion_matrix": [
    [
      24319,
      1307,
      1926
    ],
    [
      794,
      12962,
      20
    ],
    [
      1114,
      58,
      12559
    ]
  ]
}