{
  "ratio": "1_1_1",
  "set": "set_10",
  "metrics": {
    "accuracy": 0.8978828485310673,
    "precision": 0.8522497015146021,
    "recall": 0.9128353430156387,
    "f1": 0.878563728259235,
    "mcc": 0.8107549319350328,
    "specificity": 0.9452791287464851,
    "auc": 0.9796430107803701,
    "auprc": 0.9550106222010841,
    "top_k_acc": 0.9972158671363378,
    "balanced_acc": 0.9128353430156387
  },
  "confusion_matrix": [
    [
      48654,
      2569,
      3881
    ],
    [
      794,
      12962,
      20
    ],
    [
      1114,
      58,
      12559
    ]
  ]
}