{
  "ratio": "1_1_1",
  "set": "set_10",
  "metrics": {
    "accuracy": 0.9135721725649784,
    "precision": 0.9141464827630047,
    "recall": 0.9135733414670518,
    "f1": 0.9137930377425215,
    "mcc": 0.8704224810714694,
    "specificity": 0.9567809674209421,
    "auc": 0.9829165227834021,
    "auprc": 0.9660050645606902,
    "top_k_acc": 0.9959063052588233,
    "balanced_acc": 0.9135733414670518
  },
  "confusion_matrix": [
    [
      12194,
      670,
      912
    ],
    [
      794,
      12962,
      20
    ],
    [
      1114,
      58,
      12559
    ]
  ]
}