{
  "best_metrics": {
    "accuracy": 0.9211390006009338,
    "precision": 0.9210559583182327,
    "recall": 0.921295933218766,
    "specificity": 0.9605596234932139,
    "f1": 0.921123558297268,
    "mcc": 0.8817621599963843,
    "auc": 0.9857947303328313,
    "balanced_acc": 0.921295933218766
  },
  "training_history": {
    "train_loss": [
      0.26172898797807737,
      0.22213188645808887,
      0.2105172200702703,
      0.20227576252339227,
      0.1944496516807004,
      0.18771333451658917,
      0.18178133043367617,
      0.17496307570919814,
      0.1684441833325586,
      0.16314959927750647,
      0.15693542412561207,
      0.151432086769481,
      0.1462754255706354,
      0.14143961521538828
    ],
    "val_loss": [
      0.22608189125326753,
      0.2163369371561988,
      0.21344894819694865,
      0.21409919253928328,
      0.21595560305713588,
      0.2111504504084725,
      0.2096841814079006,
      0.21615850190203129,
      0.22425185391935215,
      0.21688572900616962,
      0.21982686144410835,
      0.2203746196043914,
      0.22620227371255475,
      0.22967123639918077
    ]
  }
}