{
  "ratio": "1_1_1",
  "set": "set_1",
  "metrics": {
    "accuracy": 0.8902684746501116,
    "precision": 0.737033067991188,
    "recall": 0.914866515263283,
    "f1": 0.8028020693586644,
    "mcc": 0.7143355281830148,
    "specificity": 0.9421913269627705,
    "auc": 0.9791121656551417,
    "auprc": 0.9240248758915858,
    "top_k_acc": 0.9979487738023924,
    "balanced_acc": 0.914866515263283
  },
  "confusion_matrix": [
    [
      121515,
      6800,
      9445
    ],
    [
      669,
      13075,
      32
    ],
    [
      1137,
      52,
      12542
    ]
  ]
}