{
  "ratio": "1_1_1",
  "set": "set_1",
  "metrics": {
    "accuracy": 0.915146670542354,
    "precision": 0.9154201589098253,
    "recall": 0.9151447769744716,
    "f1": 0.9152423091358336,
    "mcc": 0.8727570198884487,
    "specificity": 0.9575688832157474,
    "auc": 0.9834698874257798,
    "auprc": 0.9674630366786134,
    "top_k_acc": 0.9962454279001042,
    "balanced_acc": 0.9151447769744716
  },
  "confusion_matrix": [
    [
      12163,
      701,
      912
    ],
    [
      669,
      13075,
      32
    ],
    [
      1137,
      52,
      12542
    ]
  ]
}