{
  "ratio": "1_1_1",
  "set": "set_1",
  "metrics": {
    "accuracy": 0.9064094880037777,
    "precision": 0.899872159245828,
    "recall": 0.9146971385695162,
    "f1": 0.9066589102437025,
    "mcc": 0.8525283486068029,
    "specificity": 0.9511066443725804,
    "auc": 0.9815666090828641,
    "auprc": 0.9666368968494629,
    "top_k_acc": 0.9968760783886377,
    "balanced_acc": 0.9146971385695162
  },
  "confusion_matrix": [
    [
      24289,
      1381,
      1882
    ],
    [
      669,
      13075,
      32
    ],
    [
      1137,
      52,
      12542
    ]
  ]
}