{
  "ratio": "1_1_1",
  "set": "set_1",
  "metrics": {
    "accuracy": 0.8992870198883925,
    "precision": 0.8531618895531029,
    "recall": 0.9152778586624314,
    "f1": 0.880154484930103,
    "mcc": 0.8137346095930142,
    "specificity": 0.9465824570454445,
    "auc": 0.9803631430038126,
    "auprc": 0.9563658670806134,
    "top_k_acc": 0.9973974410187505,
    "balanced_acc": 0.9152778586624314
  },
  "confusion_matrix": [
    [
      48674,
      2724,
      3706
    ],
    [
      669,
      13075,
      32
    ],
    [
      1137,
      52,
      12542
    ]
  ]
}