{
  "ratio": "1_1_1",
  "set": "set_1",
  "metrics": {
    "accuracy": 0.8817235113771397,
    "precision": 0.4247566934989398,
    "recall": 0.9144180656404713,
    "f1": 0.4717768573365886,
    "mcc": 0.33654292657009927,
    "specificity": 0.9387322882305065,
    "auc": 0.9778796597925609,
    "auprc": 0.7363918164179388,
    "top_k_acc": 0.9984809570754539,
    "balanced_acc": 0.9144180656404713
  },
  "confusion_matrix": [
    [
      1211315,
      68997,
      95038
    ],
    [
      669,
      13075,
      32
    ],
    [
      1137,
      52,
      12542
    ]
  ]
}