{
  "best_metrics": {
    "accuracy": 0.9180788609993991,
    "precision": 0.9179632924973057,
    "recall": 0.918244562535429,
    "specificity": 0.9590240617486471,
    "f1": 0.9180770166157274,
    "mcc": 0.877140257719049,
    "auc": 0.9853129327719999,
    "balanced_acc": 0.918244562535429
  },
  "training_history": {
    "train_loss": [
      0.262150405329724,
      0.22225874983488608,
      0.21069435899153463,
      0.20155270097865652,
      0.19431044588027147,
      0.18774410300301472,
      0.18097323822060588,
      0.17385691037868964,
      0.16803979662015037,
      0.1618070084699427,
      0.15539889004044893,
      0.1510869799967813
    ],
    "val_loss": [
      0.23410646868072787,
      0.22288780840120562,
      0.21601117604489586,
      0.22551884050219487,
      0.21396040450403597,
      0.2156509293202735,
      0.21755269305297584,
      0.2189921091468634,
      0.21696712166292736,
      0.2201912032862463,
      0.22396037829849144,
      0.23081411707364355
    ]
  }
}