{
  "ratio": "9_1_1",
  "set": "set_4",
  "metrics": {
    "accuracy": 0.9420210931401913,
    "precision": 0.9007524756544655,
    "recall": 0.8319509749550663,
    "f1": 0.8630287359451607,
    "mcc": 0.7915598972360627,
    "specificity": 0.913301261832757,
    "auc": 0.9797279859372551,
    "auprc": 0.9278023522281704,
    "top_k_acc": 0.9990863269739271,
    "balanced_acc": 0.8319509749550663
  },
  "confusion_matrix": [
    [
      134815,
      1368,
      1577
    ],
    [
      2473,
      11298,
      5
    ],
    [
      4143,
      16,
      9572
    ]
  ]
}