{
  "ratio": "9_1_1",
  "set": "set_4",
  "metrics": {
    "accuracy": 0.8317709468788606,
    "precision": 0.8797715943154802,
    "recall": 0.8316243199028014,
    "f1": 0.8355257787935843,
    "mcc": 0.7685719141184936,
    "specificity": 0.9158428899758047,
    "auc": 0.9837485405834986,
    "auprc": 0.9681317644429314,
    "top_k_acc": 0.9963423200833272,
    "balanced_acc": 0.8316243199028014
  },
  "confusion_matrix": [
    [
      13468,
      147,
      161
    ],
    [
      2473,
      11298,
      5
    ],
    [
      4143,
      16,
      9572
    ]
  ]
}