{
  "ratio": "9_1_1",
  "set": "set_4",
  "metrics": {
    "accuracy": 0.905448426964932,
    "precision": 0.9271005153730467,
    "recall": 0.8319751716256043,
    "f1": 0.8712862615267039,
    "mcc": 0.805630497973277,
    "specificity": 0.9140416893463118,
    "auc": 0.9809209569129315,
    "auprc": 0.9582024291433756,
    "top_k_acc": 0.9981721562503783,
    "balanced_acc": 0.8319751716256043
  },
  "confusion_matrix": [
    [
      53930,
      545,
      629
    ],
    [
      2473,
      11298,
      5
    ],
    [
      4143,
      16,
      9572
    ]
  ]
}