{
  "ratio": "9_1_1",
  "set": "set_4",
  "metrics": {
    "accuracy": 0.9733123190745743,
    "precision": 0.6008427485874184,
    "recall": 0.8316116431591728,
    "f1": 0.6800794255956174,
    "mcc": 0.5451296958506663,
    "specificity": 0.9124300979040224,
    "auc": 0.9786621299709846,
    "auprc": 0.7520427533108335,
    "top_k_acc": 0.9998873726972884,
    "balanced_acc": 0.8316116431591728
  },
  "confusion_matrix": [
    [
      1344548,
      14546,
      16256
    ],
    [
      2473,
      11298,
      5
    ],
    [
      4143,
      16,
      9572
    ]
  ]
}