{
  "ratio": "9_1_1",
  "set": "set_4",
  "metrics": {
    "accuracy": 0.8685228572985343,
    "precision": 0.9148000992250255,
    "recall": 0.8317936965965683,
    "f1": 0.8609037955669612,
    "mcc": 0.7936207592491087,
    "specificity": 0.9147989801804943,
    "auc": 0.9821357067818829,
    "auprc": 0.96800859320519,
    "top_k_acc": 0.997257487422583,
    "balanced_acc": 0.8317936965965683
  },
  "confusion_matrix": [
    [
      26950,
      285,
      317
    ],
    [
      2473,
      11298,
      5
    ],
    [
      4143,
      16,
      9572
    ]
  ]
}