{
  "best_metrics": {
    "accuracy": 0.9468806294439678,
    "precision": 0.9087778251200938,
    "recall": 0.8662899324342686,
    "specificity": 0.9304619439468973,
    "f1": 0.8863024078722752,
    "mcc": 0.824963180509154,
    "auc": 0.9832342850232204,
    "balanced_acc": 0.8662899324342686
  },
  "training_history": {
    "train_loss": [
      0.1784474473986529,
      0.15915011892147565,
      0.15562492769483355,
      0.15329079366950793,
      0.15171136345256528,
      0.15074143977945087,
      0.14964860050330553,
      0.14929560745235482,
      0.14879833180533672,
      0.1482783682435614,
      0.14800538060431034,
      0.14759916619979316,
      0.14739611864858662,
      0.14728569620786333,
      0.1471288172937693,
      0.1470472947654145,
      0.14679679758060032,
      0.14666840296562736,
      0.1465938243223888,
      0.14660593081445217,
      0.14634284886447024,
      0.1463504900351087,
      0.1462350213133029
    ],
    "val_loss": [
      0.15668780896244128,
      0.15266235139744042,
      0.15238241917862258,
      0.14951385164775058,
      0.14710342262854875,
      0.14834277933559714,
      0.14763179528020356,
      0.1475584797819395,
      0.14853450669710266,
      0.14712259134511618,
      0.1459554051767976,
      0.1475492794574615,
      0.14624654763809794,
      0.14676420794713196,
      0.1459148199152322,
      0.14577776264159029,
      0.14589610929547447,
      0.1471537009203165,
      0.146641251896995,
      0.14687216602163358,
      0.146872684192509,
      0.14699225470416147,
      0.1467472075685639
    ]
  }
}